TradDt,SYMBOL,SPOT_CLOSE
2025-11-25,20MICRONS,187.98
2025-11-25,21STCENMGM,37.53
2025-11-25,360ONE,1120.0
2025-11-25,GOLD360,122.25
2025-11-25,SILVER360,153.51
2025-11-25,3IINFOLTD,16.97
2025-11-25,3MINDIA,35290.0
2025-11-25,3PLAND,40.01
2025-11-25,5PAISA,333.55
2025-11-25,63MOONS,722.55
2025-11-25,ABCOTS,408.8
2025-11-25,ABINFRA,18.68
2025-11-25,A2ZINFRA,15.28
2025-11-25,AADHARHFC,487.05
2025-11-25,AAKASH,8.8
2025-11-25,AARON,186.64
2025-11-25,AARTECH,48.13
2025-11-25,AARTIDRUGS,428.2
2025-11-25,AARTIIND,379.75
2025-11-25,AARTIPHARM,678.9
2025-11-25,AARTISURF,425.4
2025-11-25,AARVI,130.48
2025-11-25,AAVAS,1618.7
2025-11-25,AFSL,201.26
2025-11-25,ABB,5070.5
2025-11-25,ABBOTINDIA,30205.0
2025-11-25,ACC,1869.1
2025-11-25,ACCELYA,1297.4
2025-11-25,ACCURACY,6.03
2025-11-25,ACEINTEG,22.22
2025-11-25,ACMESOLAR,236.85
2025-11-25,ACE,969.3
2025-11-25,ACUTAAS,1784.1
2025-11-25,ADANIENSOL,971.5
2025-11-25,ADANIENT,2332.9
2025-11-25,ADANIGREEN,1011.6
2025-11-25,ADANIPORTS,1483.9
2025-11-25,ADANIPOWER,146.84
2025-11-25,ATGL,604.75
2025-11-25,ADFFOODS,203.84
2025-11-25,ABSLAMC,725.7
2025-11-25,ABCAPITAL,345.45
2025-11-25,ABFRL,75.43
2025-11-25,ABLBL,129.15
2025-11-25,BIRLAMONEY,154.39
2025-11-25,ABREL,1733.7
2025-11-25,CPPLUS,1625.3
2025-11-25,AVL,534.95
2025-11-25,BSLGOLDETF,110.06
2025-11-25,BSLNIFTY,30.11
2025-11-25,ADOR,1091.1
2025-11-25,ADROITINFO,10.22
2025-11-25,ADVANCE,123.73
2025-11-25,ADVENZYMES,312.45
2025-11-25,ADVANIHOTR,53.77
2025-11-25,AEGISLOG,766.55
2025-11-25,AEGISVOPAK,254.95
2025-11-25,AEROENTER,85.4
2025-11-25,AEROFLEX,184.37
2025-11-25,AERONEU,76.7
2025-11-25,AETHER,892.25
2025-11-25,AFCONS,402.0
2025-11-25,AFFLE,1680.9
2025-11-25,AFFORDABLE,213.85
2025-11-25,AGARIND,774.95
2025-11-25,AGI,756.65
2025-11-25,AGIIL,283.7
2025-11-25,AGRITECH,107.06
2025-11-25,AGROPHOS,38.7
2025-11-25,AHLADA,52.05
2025-11-25,AHLUCONT,973.85
2025-11-25,AIAENG,3825.5
2025-11-25,GOLDTECH,55.22
2025-11-25,AIRAN,19.69
2025-11-25,AIROLAM,104.39
2025-11-25,AJANTPHARM,2509.2
2025-11-25,AJAXENGG,628.15
2025-11-25,AJMERA,998.1
2025-11-25,AJOONI,4.37
2025-11-25,AKASH,25.61
2025-11-25,AKG,12.65
2025-11-25,AKI,7.64
2025-11-25,AFIL,7.25
2025-11-25,AKSHOPTFBR,6.69
2025-11-25,AKSHARCHEM,271.15
2025-11-25,AKUMS,424.4
2025-11-25,AKZOINDIA,3397.5
2025-11-25,ALANKIT,10.96
2025-11-25,ALBERTDAVD,784.1
2025-11-25,ALEMBICLTD,97.77
2025-11-25,APLLTD,905.15
2025-11-25,ALICON,892.2
2025-11-25,ALIVUS,884.75
2025-11-25,ALKALI,83.07
2025-11-25,ALKEM,5701.0
2025-11-25,ALKYLAMINE,1714.1
2025-11-25,ALLTIME,275.55
2025-11-25,ATL,27.09
2025-11-25,ALLDIGI,825.85
2025-11-25,ABDL,660.6
2025-11-25,ADSL,160.51
2025-11-25,ALMONDZ,16.99
2025-11-25,ALOKINDS,16.6
2025-11-25,ALPA,76.74
2025-11-25,ALPHAGEO,224.6
2025-11-25,ALPSINDUS,1.88
2025-11-25,AMANTA,111.16
2025-11-25,ARE&M,945.6
2025-11-25,AMBER,7138.0
2025-11-25,AMBICAAGAR,25.49
2025-11-25,AMBIKCO,1295.5
2025-11-25,AMBUJACEM,545.85
2025-11-25,AMDIND,53.53
2025-11-25,AMNPLST,199.4
2025-11-25,AMJLAND,52.15
2025-11-25,AMRUTANJAN,683.2
2025-11-25,ARSSBL,715.75
2025-11-25,ANANDRATHI,2888.8
2025-11-25,ANANTRAJ,594.4
2025-11-25,ANDHRAPAP,68.06
2025-11-25,ANDHRSUGAR,75.32
2025-11-25,ANGELONE,2687.7
2025-11-25,ANIKINDS,65.83
2025-11-25,APCL,120.22
2025-11-25,ANMOL,14.49
2025-11-25,ANTGRAPHIC,0.96
2025-11-25,ANTELOPUS,403.5
2025-11-25,ANTHEM,634.3
2025-11-25,AWHCL,456.1
2025-11-25,ANUHPHR,77.23
2025-11-25,ANURAS,1225.0
2025-11-25,AONEGOLD,11.64
2025-11-25,AONELIQUID,1035.75
2025-11-25,AONENIFTY,10.61
2025-11-25,AONETOTAL,11.96
2025-11-25,APARINDS,8932.0
2025-11-25,APCOTEXIND,403.35
2025-11-25,APEX,311.75
2025-11-25,APLAPOLLO,1698.4
2025-11-25,APOLLOHOSP,7330.5
2025-11-25,APOLLO,272.65
2025-11-25,APOLLOPIPE,300.3
2025-11-25,APOLSINHOT,1295.4
2025-11-25,APOLLOTYRE,522.05
2025-11-25,APTECHT,101.59
2025-11-25,APTUS,280.5
2025-11-25,ACI,531.45
2025-11-25,ADL,73.45
2025-11-25,ARCHIDPLY,89.97
2025-11-25,ARCHIES,19.03
2025-11-25,ARIES,347.3
2025-11-25,ARIHANTCAP,98.92
2025-11-25,ARIHANTSUP,349.35
2025-11-25,ARISINFRA,142.22
2025-11-25,ARKADE,161.8
2025-11-25,ARMANFIN,1634.1
2025-11-25,AROGRANITE,35.07
2025-11-25,ARROWGREEN,534.3
2025-11-25,ARTNIRMAN,49.5
2025-11-25,ARTEMISMED,288.1
2025-11-25,ARVEE,163.77
2025-11-25,ARVINDFASN,507.6
2025-11-25,ARVIND,357.05
2025-11-25,ARVSMART,579.6
2025-11-25,ASAHIINDIA,1029.25
2025-11-25,ASAHISONG,247.0
2025-11-25,ASHAPURMIN,701.55
2025-11-25,ASHIANA,301.55
2025-11-25,ASHIMASYN,19.22
2025-11-25,ASHOKLEY,145.83
2025-11-25,ASHOKA,177.7
2025-11-25,ASHOKAMET,15.77
2025-11-25,ASIANENE,300.95
2025-11-25,ASIANTILES,65.82
2025-11-25,AHLEAST,138.37
2025-11-25,ASIANHOTNR,329.05
2025-11-25,ASIANPAINT,2875.8
2025-11-25,ASKAUTOLTD,476.6
2025-11-25,ASPINWALL,246.65
2025-11-25,ASALCBR,974.7
2025-11-25,ASTEC,918.75
2025-11-25,ASTERDM,660.0
2025-11-25,ASTRAMICRO,943.7
2025-11-25,ASTRAL,1465.5
2025-11-25,ASTRAZEN,9026.0
2025-11-25,ASTRON,7.05
2025-11-25,ATALREAL,23.18
2025-11-25,ATAM,83.64
2025-11-25,ATHERENERG,684.95
2025-11-25,ATLANTAELE,972.95
2025-11-25,ATLASCYCLE,91.7
2025-11-25,ATULAUTO,449.3
2025-11-25,ATUL,5971.5
2025-11-25,AUBANK,944.05
2025-11-25,AURIGROW,0.52
2025-11-25,AURIONPRO,1069.2
2025-11-25,AUROPHARMA,1208.0
2025-11-25,AURUM,161.93
2025-11-25,AUSOMENT,109.47
2025-11-25,AIIL,2624.8
2025-11-25,AUTOIND,63.21
2025-11-25,AUTOAXLES,1594.9
2025-11-25,ASAL,517.05
2025-11-25,AVADHSUGAR,381.1
2025-11-25,AVALON,968.9
2025-11-25,AVANTEL,151.21
2025-11-25,AVANTIFEED,826.35
2025-11-25,DMART,3988.6
2025-11-25,AVG,197.23
2025-11-25,AVONMORE,18.5
2025-11-25,AVROIND,130.2
2025-11-25,AVTNPL,68.93
2025-11-25,AWFIS,537.25
2025-11-25,AWL,271.45
2025-11-25,AXISBANK,1266.3
2025-11-25,AXISGOLD,103.99
2025-11-25,AXISBNKETF,603.77
2025-11-25,AXISBPSETF,13.06
2025-11-25,AXISCETF,127.64
2025-11-25,AXISHCETF,150.71
2025-11-25,AXISILVER,154.94
2025-11-25,AXISNIFTY,284.32
2025-11-25,AXISTECETF,401.09
2025-11-25,AXISVALUE,30.24
2025-11-25,AXSENSEX,87.27
2025-11-25,AXITA,8.24
2025-11-25,AYMSYNTEX,164.35
2025-11-25,AZAD,1622.4
2025-11-25,BBTCL,204.16
2025-11-25,BAGFILMS,6.18
2025-11-25,BLKASHYAP,47.69
2025-11-25,STYLEBAAZA,295.1
2025-11-25,BAIDFIN,10.17
2025-11-25,BAJAJ-AUTO,9048.0
2025-11-25,BAJAJCON,262.2
2025-11-25,BAJAJELEC,488.8
2025-11-25,BAJFINANCE,986.2
2025-11-25,BAJAJFINSV,2030.2
2025-11-25,BAJAJHCARE,429.25
2025-11-25,BAJAJHIND,20.35
2025-11-25,BAJAJHLDNG,11640.0
2025-11-25,BAJAJHFL,104.96
2025-11-25,BAJEL,178.12
2025-11-25,BALPHARMA,74.21
2025-11-25,BALAMINES,1171.9
2025-11-25,BALAJITELE,116.52
2025-11-25,BALAXI,38.18
2025-11-25,BALKRISIND,2304.8
2025-11-25,BALKRISHNA,21.01
2025-11-25,BALMLAWRIE,185.21
2025-11-25,BALRAMCHIN,449.85
2025-11-25,BALUFORGE,623.15
2025-11-25,BANARBEADS,128.77
2025-11-25,BANCOINDIA,673.65
2025-11-25,BANDHANBNK,149.63
2025-11-25,IDFNIFTYET,284.5
2025-11-25,BANG,53.14
2025-11-25,BANKBARODA,287.25
2025-11-25,BANKINDIA,147.21
2025-11-25,MAHABANK,59.61
2025-11-25,BANKA,73.78
2025-11-25,BASML,28.29
2025-11-25,BANARISUG,3601.8
2025-11-25,BANSALWIRE,318.85
2025-11-25,BANSWRAS,119.79
2025-11-25,BBNPNBETF,59.33
2025-11-25,BBNPPGOLD,120.9
2025-11-25,BASF,4228.2
2025-11-25,BATAINDIA,1006.3
2025-11-25,BAYERCROP,4607.5
2025-11-25,BCLIND,34.38
2025-11-25,BEARDSELL,30.24
2025-11-25,BEDMUTHA,102.15
2025-11-25,BELLACASA,421.15
2025-11-25,BELRISE,157.92
2025-11-25,BLAL,201.66
2025-11-25,BEML,1841.3
2025-11-25,BERGEPAINT,569.15
2025-11-25,BESTAGRO,301.7
2025-11-25,BETA,1636.6
2025-11-25,BFINVEST,437.15
2025-11-25,BANKBETF,59.45
2025-11-25,LIQUIDBETF,1058.04
2025-11-25,NIFTYBETF,263.83
2025-11-25,BHAGERIA,183.5
2025-11-25,BHAGCHEM,248.45
2025-11-25,BHANDARI,4.34
2025-11-25,BEPL,91.21
2025-11-25,BBL,2852.0
2025-11-25,BDL,1462.4
2025-11-25,BEL,410.25
2025-11-25,BHARATFORG,1409.7
2025-11-25,BPCL,355.85
2025-11-25,BHARATRAS,10265.0
2025-11-25,BRNL,24.36
2025-11-25,BHARATSE,174.89
2025-11-25,BHARATWIRE,178.94
2025-11-25,BHARTIARTL,2161.6
2025-11-25,BHARTIHEXA,1777.4
2025-11-25,BIL,815.45
2025-11-25,BHEL,282.9
2025-11-25,BIGBLOC,57.35
2025-11-25,BIKAJI,705.5
2025-11-25,BILVYAPAR,9.71
2025-11-25,GROWW,161.12
2025-11-25,BIOCON,393.25
2025-11-25,BIOFILCHEM,37.0
2025-11-25,BIRLACABLE,145.0
2025-11-25,BIRLACORPN,1125.8
2025-11-25,BIRLANU,1675.8
2025-11-25,ABGSEC,111.51
2025-11-25,ABSLBANETF,60.04
2025-11-25,ABSLLIQUID,1000.01
2025-11-25,ABSLNN50ET,71.47
2025-11-25,BSLSENETFG,84.93
2025-11-25,GSEC10ABSL,110.09
2025-11-25,HEALTHY,15.2
2025-11-25,MOMENTUM,32.02
2025-11-25,NIFTYQLITY,21.96
2025-11-25,SILVER,155.6
2025-11-25,TECH,39.44
2025-11-25,ABSLPSE,10.01
2025-11-25,BSOFT,380.0
2025-11-25,BBOX,516.25
2025-11-25,BLACKBUCK,662.5
2025-11-25,BLBLIMITED,16.7
2025-11-25,BLISSGVS,172.42
2025-11-25,BLSE,217.57
2025-11-25,BLS,312.95
2025-11-25,BLUEDART,5714.5
2025-11-25,BLUEJET,564.4
2025-11-25,BLUESTARCO,1746.7
2025-11-25,BLUESTONE,556.95
2025-11-25,BLUSPRING,72.06
2025-11-25,BMWVENTLTD,65.47
2025-11-25,BODALCHEM,53.93
2025-11-25,BTML,8.54
2025-11-25,BOHRAIND,19.09
2025-11-25,BBTC,1828.7
2025-11-25,BOMDYEING,143.2
2025-11-25,BSHSL,109.19
2025-11-25,BORANA,290.72
2025-11-25,BOROLTD,323.85
2025-11-25,BORORENEW,583.05
2025-11-25,BOROSCI,125.32
2025-11-25,BOSCHLTD,35770.0
2025-11-25,BPL,60.78
2025-11-25,FIRSTCRY,307.85
2025-11-25,BRIGADE,899.2
2025-11-25,BRIGHOTEL,77.99
2025-11-25,BCG,12.9
2025-11-25,BRITANNIA,5867.0
2025-11-25,BROOKS,99.93
2025-11-25,BSE,2840.6
2025-11-25,BSL,175.52
2025-11-25,BUTTERFLY,701.7
2025-11-25,MAPMYINDIA,1660.2
2025-11-25,CALSOFT,16.76
2025-11-25,CTE,41.69
2025-11-25,CAMLINFINE,152.07
2025-11-25,CAMPUS,273.7
2025-11-25,CANFINHOME,883.3
2025-11-25,CANBK,148.69
2025-11-25,CANHLIFE,122.82
2025-11-25,CRAMC,301.45
2025-11-25,CANTABIL,252.35
2025-11-25,CAPACITE,275.65
2025-11-25,CAPILLARY,732.15
2025-11-25,CIFL,31.26
2025-11-25,CAPITALSFB,278.1
2025-11-25,CAPTRUST,14.43
2025-11-25,CAPLIPOINT,1905.0
2025-11-25,CGCL,188.1
2025-11-25,CARBORUNIV,835.15
2025-11-25,CARERATING,1509.8
2025-11-25,CPEDU,277.3
2025-11-25,CARRARO,544.65
2025-11-25,CARTRADE,3091.5
2025-11-25,CARYSIL,958.85
2025-11-25,CASTROLIND,191.64
2025-11-25,CCL,983.3
2025-11-25,CEATLTD,3872.9
2025-11-25,CEIGALL,238.2
2025-11-25,CELEBRITY,10.19
2025-11-25,CELLO,589.3
2025-11-25,CEMPRO,771.85
2025-11-25,CENTRALBK,38.34
2025-11-25,CDSL,1574.1
2025-11-25,CENTRUM,29.12
2025-11-25,CENTUM,2399.7
2025-11-25,CENTENKA,456.45
2025-11-25,CENTURYPLY,789.95
2025-11-25,CERA,5467.0
2025-11-25,CESC,167.13
2025-11-25,CGPOWER,682.55
2025-11-25,CHALET,881.9
2025-11-25,CLSEL,254.55
2025-11-25,CHAMBLFERT,446.7
2025-11-25,CHEMBONDCH,149.43
2025-11-25,CHEMBOND,163.4
2025-11-25,CHEMCON,216.12
2025-11-25,CHEMFAB,500.9
2025-11-25,CHEMPLASTS,288.35
2025-11-25,CHENNPETRO,1018.8
2025-11-25,CHEVIOT,1080.5
2025-11-25,CHOICEIN,780.25
2025-11-25,CHOICEGOLD,124.3
2025-11-25,CHOLAHLDNG,1845.0
2025-11-25,CHOLAFIN,1685.4
2025-11-25,CIEINDIA,411.4
2025-11-25,CIGNITITEC,1766.3
2025-11-25,CINELINE,83.4
2025-11-25,CINEVISTA,15.64
2025-11-25,CIPLA,1507.5
2025-11-25,CUB,273.82
2025-11-25,CLEAN,926.1
2025-11-25,CMSINFO,348.75
2025-11-25,COALINDIA,370.05
2025-11-25,COASTCORP,44.54
2025-11-25,COCHINSHIP,1682.5
2025-11-25,COFORGE,1831.7
2025-11-25,COHANCE,560.8
2025-11-25,COLPAL,2167.7
2025-11-25,COMPUSOFT,16.78
2025-11-25,CAMS,3894.4
2025-11-25,CONCORDBIO,1402.2
2025-11-25,CEWATER,410.05
2025-11-25,CONFIPET,38.2
2025-11-25,CONSOFINVT,164.95
2025-11-25,CONCOR,512.5
2025-11-25,CONTROLPR,729.9
2025-11-25,CORALFINAC,37.51
2025-11-25,CORDSCABLE,182.66
2025-11-25,COROMANDEL,2304.1
2025-11-25,COSMOFIRST,706.9
2025-11-25,CCHHL,15.72
2025-11-25,COUNCODOS,6.19
2025-11-25,CPCAP,118.33
2025-11-25,CPSEETF,91.47
2025-11-25,CRAFTSMAN,7021.0
2025-11-25,CREATIVEYE,6.69
2025-11-25,CREATIVE,692.85
2025-11-25,CREDITACC,1389.2
2025-11-25,MUFTI,99.1
2025-11-25,CREST,350.5
2025-11-25,CRISIL,4463.8
2025-11-25,CRIZAC,264.1
2025-11-25,CROMPTON,265.05
2025-11-25,CROWN,145.15
2025-11-25,CSBBANK,421.8
2025-11-25,CSLFINANCE,278.7
2025-11-25,CUBEXTUB,87.21
2025-11-25,CUMMINSIND,4311.3
2025-11-25,CUPID,336.49
2025-11-25,CYIENTDLM,432.85
2025-11-25,CYIENT,1103.6
2025-11-25,DPWIRES,206.07
2025-11-25,DLINKINDIA,422.9
2025-11-25,DPABHUSHAN,1538.8
2025-11-25,DBCORP,258.3
2025-11-25,DABUR,514.4
2025-11-25,DALBHARAT,2019.9
2025-11-25,DALMIASUG,314.2
2025-11-25,DAMCAPITAL,227.07
2025-11-25,DAMODARIND,30.39
2025-11-25,DANGEE,3.78
2025-11-25,DATAPATTNS,2946.4
2025-11-25,DATAMATICS,845.15
2025-11-25,DAVANGERE,3.59
2025-11-25,DBSTOCKBRO,24.72
2025-11-25,DCI,243.0
2025-11-25,DCBBANK,181.47
2025-11-25,DCMFINSERV,5.36
2025-11-25,DCM,95.63
2025-11-25,DCMNVL,138.45
2025-11-25,DCMSRIND,171.46
2025-11-25,DCMSHRIRAM,1189.7
2025-11-25,DCW,63.99
2025-11-25,DCXINDIA,184.87
2025-11-25,DDEVPLSTIK,272.85
2025-11-25,DENORA,676.4
2025-11-25,DIL,1.89
2025-11-25,DECCANCE,760.5
2025-11-25,DEEDEV,219.1
2025-11-25,DEEPINDS,460.85
2025-11-25,DBEIL,134.23
2025-11-25,DEEPAKFERT,1377.2
2025-11-25,DEEPAKNTR,1580.5
2025-11-25,DELHIVERY,410.65
2025-11-25,DELPHIFX,217.93
2025-11-25,DELTACORP,67.7
2025-11-25,DELTAMAGNT,64.9
2025-11-25,DEN,30.74
2025-11-25,DENTA,361.2
2025-11-25,DEVX,46.77
2025-11-25,DEVIT,40.14
2025-11-25,DEVYANI,139.7
2025-11-25,DBOL,70.97
2025-11-25,DHAMPURSUG,125.85
2025-11-25,DHANBANK,27.04
2025-11-25,DHANUKA,1228.4
2025-11-25,DHARMAJ,245.2
2025-11-25,DHRUV,47.28
2025-11-25,DHUNINV,1226.9
2025-11-25,DTIL,158.81
2025-11-25,DVL,292.7
2025-11-25,DIAMINESQ,263.85
2025-11-25,DIACABS,140.11
2025-11-25,DICIND,507.4
2025-11-25,DIFFNKG,297.2
2025-11-25,DGCONTENT,33.88
2025-11-25,DIGIDRIVE,27.4
2025-11-25,DIGITIDE,139.57
2025-11-25,DNAMEDIA,4.06
2025-11-25,DBL,468.4
2025-11-25,DISHTV,4.06
2025-11-25,DCAL,240.0
2025-11-25,DIVGIITTS,589.3
2025-11-25,DIVISLAB,6412.0
2025-11-25,DIXON,14401.0
2025-11-25,DJML,73.57
2025-11-25,DLF,721.3
2025-11-25,DMCC,258.9
2025-11-25,DODLA,1204.2
2025-11-25,DOLATALGO,70.07
2025-11-25,DOLLAR,354.8
2025-11-25,DOLPHIN,352.35
2025-11-25,DOMS,2525.9
2025-11-25,DONEAR,100.12
2025-11-25,DPSCLTD,10.57
2025-11-25,AGARWALEYE,506.35
2025-11-25,LALPATHLAB,3142.4
2025-11-25,DRREDDY,1236.1
2025-11-25,DRCSYSTEMS,17.97
2025-11-25,DREAMFOLKS,123.75
2025-11-25,DREDGECORP,824.8
2025-11-25,KEEPLEARN,2.4
2025-11-25,LIQUIDETF,1000.0
2025-11-25,BANKETFADD,59.95
2025-11-25,GOLDETFADD,121.13
2025-11-25,ITETFADD,38.55
2025-11-25,NIFTY50ADD,270.8
2025-11-25,EQUAL50ADD,341.65
2025-11-25,PSUBANKADD,85.47
2025-11-25,PVTBANKADD,28.65
2025-11-25,MIDQ50ADD,247.35
2025-11-25,SENSEXADD,86.8
2025-11-25,SILVERADD,150.38
2025-11-25,FLEXIADD,10.74
2025-11-25,HEALTHADD,149.44
2025-11-25,LIQUIDADD,1101.58
2025-11-25,NEXT30ADD,39.96
2025-11-25,TOP10ADD,100.4
2025-11-25,DUCON,4.42
2025-11-25,DWARKESH,40.82
2025-11-25,DSSL,924.9
2025-11-25,DYNAMATECH,9010.5
2025-11-25,DYCL,352.05
2025-11-25,DYNPRO,263.8
2025-11-25,E2E,2325.8
2025-11-25,EASEMYTRIP,7.13
2025-11-25,ECLERX,4428.2
2025-11-25,ECOSMOBLTY,240.29
2025-11-25,BBETF0432,1309.98
2025-11-25,EBANKNIFTY,59.35
2025-11-25,EBBETF0430,1561.29
2025-11-25,EBBETF0431,1397.72
2025-11-25,EBBETF0433,1270.14
2025-11-25,ECAPINSURE,24.02
2025-11-25,EGOLD,124.5
2025-11-25,ELM250,16.73
2025-11-25,EMULTIMQ,42.44
2025-11-25,ESILVER,156.19
2025-11-25,EDELWEISS,110.69
2025-11-25,EFCIL,262.75
2025-11-25,EICHERMOT,7218.5
2025-11-25,EIDPARRY,1025.8
2025-11-25,EIHAHOTELS,357.5
2025-11-25,EIHOTEL,374.95
2025-11-25,EIMCOELECO,1592.8
2025-11-25,ELDEHSG,773.35
2025-11-25,ELECON,497.75
2025-11-25,EMIL,120.55
2025-11-25,ELECTCAST,73.09
2025-11-25,ELECTHERM,842.65
2025-11-25,ELGIEQUIP,480.5
2025-11-25,ELIN,182.52
2025-11-25,ELLEN,394.75
2025-11-25,EMAMILTD,515.55
2025-11-25,EMAMIPAP,90.56
2025-11-25,EMAMIREAL,80.73
2025-11-25,EMBDL,79.2
2025-11-25,EMCURE,1421.5
2025-11-25,EMMBI,101.86
2025-11-25,EMMVEE,214.77
2025-11-25,EMSLIMITED,438.65
2025-11-25,EMUDHRA,612.3
2025-11-25,ENDURANCE,2695.2
2025-11-25,ENERGYDEV,23.29
2025-11-25,ENGINERSIN,195.43
2025-11-25,ENTERO,1059.9
2025-11-25,ENIL,128.19
2025-11-25,EIEL,212.95
2025-11-25,EPACK,258.0
2025-11-25,EPACKPEB,302.5
2025-11-25,EPIGRAL,1436.2
2025-11-25,EPL,202.92
2025-11-25,EQUITASBNK,64.27
2025-11-25,ERIS,1652.1
2025-11-25,ESABINDIA,5721.6
2025-11-25,ESAFSFB,26.18
2025-11-25,ESCORTS,3637.6
2025-11-25,ESTER,107.45
2025-11-25,ETERNAL,302.3
2025-11-25,ETHOSLTD,3055.4
2025-11-25,EUREKAFORB,582.9
2025-11-25,EIFFL,223.73
2025-11-25,EUROBOND,178.7
2025-11-25,EUROPRATIK,362.15
2025-11-25,EVEREADY,327.65
2025-11-25,EVERESTIND,528.05
2025-11-25,EKC,121.64
2025-11-25,EXCELINDUS,932.7
2025-11-25,EXICOM,111.76
2025-11-25,EXIDEIND,361.85
2025-11-25,EXPLEOSOL,1060.4
2025-11-25,FABTECH,240.97
2025-11-25,FACT,866.5
2025-11-25,FAIRCHEMOR,653.3
2025-11-25,FAZE3Q,544.7
2025-11-25,FCSSOFT,2.03
2025-11-25,FDC,417.1
2025-11-25,FEDFINA,144.95
2025-11-25,FEDERALBNK,255.99
2025-11-25,FMGOETZE,459.2
2025-11-25,FIBERWEB,36.92
2025-11-25,FIEMIND,2244.2
2025-11-25,FILATFASH,0.4
2025-11-25,FILATEX,53.14
2025-11-25,FINEORG,4410.0
2025-11-25,FCL,24.12
2025-11-25,FINKURVE,105.22
2025-11-25,FINOPB,266.1
2025-11-25,FINCABLES,753.4
2025-11-25,FINPIPE,185.12
2025-11-25,FSL,350.4
2025-11-25,FISCHER,45.16
2025-11-25,FIVESTAR,605.95
2025-11-25,FLAIR,299.8
2025-11-25,FLEXITUFF,14.42
2025-11-25,FOCUS,72.28
2025-11-25,FOODSIN,74.36
2025-11-25,FORCEMOT,16795.0
2025-11-25,FORTIS,920.4
2025-11-25,FOSECOIND,5097.5
2025-11-25,NYKAA,270.45
2025-11-25,UTLSOLAR,220.61
2025-11-25,FUSION,165.94
2025-11-25,GMBREW,994.9
2025-11-25,GRINFRA,1081.7
2025-11-25,GTECJAINX,24.46
2025-11-25,GABRIEL,1030.5
2025-11-25,GATECH,0.59
2025-11-25,GATECHDVR,0.5
2025-11-25,GAIL,180.22
2025-11-25,GALAPREC,718.1
2025-11-25,GALAXYSURF,2036.6
2025-11-25,GALLANTT,588.5
2025-11-25,GANDHAR,131.09
2025-11-25,GANDHITUBE,755.25
2025-11-25,GANESHBE,81.62
2025-11-25,GANESHCP,269.45
2025-11-25,GANESHHOU,805.95
2025-11-25,GANECOS,869.7
2025-11-25,GANGAFORGE,3.19
2025-11-25,GANGESSECU,149.06
2025-11-25,GRSE,2710.1
2025-11-25,GARUDA,217.17
2025-11-25,GRWRHITECH,3809.2
2025-11-25,GARFIBRES,702.1
2025-11-25,GATEWAY,58.64
2025-11-25,GVPIL,346.6
2025-11-25,GVT&D,2855.5
2025-11-25,GEECEE,370.55
2025-11-25,GEEKAYWIRE,31.22
2025-11-25,GEMAROMA,170.96
2025-11-25,GICRE,382.15
2025-11-25,GENCON,43.04
2025-11-25,GENESYS,436.7
2025-11-25,GENUSPAPER,14.25
2025-11-25,GENUSPOWER,322.3
2025-11-25,GEOJITFSL,70.4
2025-11-25,GFLLIMITED,59.38
2025-11-25,GHCL,570.65
2025-11-25,GHCLTEXTIL,75.12
2025-11-25,GICHSGFIN,173.44
2025-11-25,GILLANDERS,117.53
2025-11-25,GILLETTE,8406.0
2025-11-25,GINNIFILA,38.32
2025-11-25,GKENERGY,171.3
2025-11-25,GKWLIMITED,1701.5
2025-11-25,GLAND,1783.3
2025-11-25,GLAXO,2486.1
2025-11-25,GLENMARK,1881.5
2025-11-25,GLOBAL,79.76
2025-11-25,MEDANTA,1249.6
2025-11-25,GSLSU,125.68
2025-11-25,GLOBALVECT,196.24
2025-11-25,GLOBALE,12.5
2025-11-25,GLOBECIVIL,62.8
2025-11-25,GLOBE,2.88
2025-11-25,GLOBUSSPR,1047.3
2025-11-25,GLOSTERLTD,615.05
2025-11-25,GLOTTIS,66.79
2025-11-25,GMMPFAUDLR,1160.5
2025-11-25,GMRAIRPORT,104.21
2025-11-25,GMRP&UI,121.71
2025-11-25,GNA,306.45
2025-11-25,EBGNG,334.45
2025-11-25,GODIGIT,355.85
2025-11-25,GOCOLORS,529.95
2025-11-25,GOACARBON,404.75
2025-11-25,GOCLCORP,306.35
2025-11-25,GODAVARIB,249.8
2025-11-25,GPIL,236.9
2025-11-25,GODFRYPHLP,2873.7
2025-11-25,GODREJAGRO,571.15
2025-11-25,GODREJCP,1144.5
2025-11-25,GODREJIND,1022.3
2025-11-25,GODREJPROP,2094.0
2025-11-25,GOKEX,924.05
2025-11-25,GOKULAGRO,197.0
2025-11-25,GOKUL,40.16
2025-11-25,GOLDIAM,372.8
2025-11-25,GOODLUCK,1117.7
2025-11-25,GOPAL,327.4
2025-11-25,GOYALALUM,6.82
2025-11-25,GULFPETRO,35.97
2025-11-25,GPTHEALTH,142.01
2025-11-25,GPTINFRA,110.24
2025-11-25,GRANULES,545.9
2025-11-25,GRAPHITE,552.4
2025-11-25,GRASIM,2686.8
2025-11-25,GRAVITA,1816.1
2025-11-25,GREAVESCOT,201.65
2025-11-25,GREENLAM,241.75
2025-11-25,GREENPANEL,253.15
2025-11-25,GREENPLY,289.45
2025-11-25,GRINDWELL,1564.3
2025-11-25,GRMOVER,464.25
2025-11-25,GROWWDEFNC,79.13
2025-11-25,GROWWEV,30.78
2025-11-25,GROWWGOLD,122.29
2025-11-25,GROWWLIQID,106.75
2025-11-25,GROWWLOVOL,10.64
2025-11-25,GROWWMC150,220.56
2025-11-25,GROWWMOM50,10.83
2025-11-25,GROWWN200,11.67
2025-11-25,GROWWNET,10.64
2025-11-25,GROWWNIFTY,10.41
2025-11-25,GROWWNXT50,68.19
2025-11-25,GROWWPOWER,9.9
2025-11-25,GROWWRAIL,33.8
2025-11-25,GROWWRLTY,10.11
2025-11-25,GROWWSC250,9.6
2025-11-25,GROWWSLVR,153.28
2025-11-25,GRPLTD,1896.8
2025-11-25,GSS,20.12
2025-11-25,GTLINFRA,1.33
2025-11-25,GTL,8.01
2025-11-25,GTPL,99.2
2025-11-25,GUFICBIO,357.2
2025-11-25,GIPCL,161.46
2025-11-25,GNFC,485.15
2025-11-25,GSFC,183.69
2025-11-25,GUJALKALI,530.95
2025-11-25,GAEL,109.07
2025-11-25,FLUOROCHEM,3397.0
2025-11-25,GUJGASLTD,398.85
2025-11-25,GMDCLTD,488.05
2025-11-25,GPPL,178.84
2025-11-25,GSPL,294.55
2025-11-25,GUJTHEM,410.75
2025-11-25,GULFOILLUB,1178.9
2025-11-25,GULPOLY,135.04
2025-11-25,GVPTECH,9.01
2025-11-25,HGINFRA,873.1
2025-11-25,HAPPSTMNDS,497.85
2025-11-25,HAPPYFORGE,1030.5
2025-11-25,HARDWYN,16.46
2025-11-25,HARIOMPIPE,341.4
2025-11-25,HARRMALAYA,172.12
2025-11-25,HARSHA,387.4
2025-11-25,HATHWAY,13.03
2025-11-25,HATSUN,1051.1
2025-11-25,HAVELLS,1419.4
2025-11-25,HBLENGINE,881.6
2025-11-25,HCL-INSYS,14.17
2025-11-25,HCLTECH,1601.1
2025-11-25,HDBFS,755.6
2025-11-25,HDFCAMC,5336.5
2025-11-25,HDFCBANK,989.8
2025-11-25,HDFCGOLD,106.8
2025-11-25,HDFCLIFE,766.55
2025-11-25,HDFCBSE500,37.96
2025-11-25,HDFCGROWTH,127.24
2025-11-25,HDFCLIQUID,1037.53
2025-11-25,HDFCLOWVOL,21.37
2025-11-25,HDFCMID150,22.38
2025-11-25,HDFCMOMENT,31.93
2025-11-25,HDFCNEXT50,69.25
2025-11-25,HDFCNIF100,27.2
2025-11-25,HDFCNIFBAN,60.35
2025-11-25,HDFCNIFIT,38.92
2025-11-25,HDFCNIFTY,289.42
2025-11-25,HDFCPVTBAN,28.7
2025-11-25,HDFCQUAL,59.55
2025-11-25,HDFCSENSEX,95.43
2025-11-25,HDFCSILVER,149.82
2025-11-25,HDFCSML250,167.69
2025-11-25,HDFCVALUE,136.94
2025-11-25,HDFCPSUBK,85.46
2025-11-25,HEADSUP,10.52
2025-11-25,HCG,726.1
2025-11-25,HECPROJECT,130.51
2025-11-25,HEG,525.4
2025-11-25,HEIDELBERG,183.94
2025-11-25,HEMIPROP,137.75
2025-11-25,HERANBA,251.95
2025-11-25,HERCULES,168.76
2025-11-25,HERITGFOOD,464.05
2025-11-25,HEROMOTOCO,6081.5
2025-11-25,HESTERBIO,1646.9
2025-11-25,HEUBACHIND,469.9
2025-11-25,HEXATRADEX,167.66
2025-11-25,HEXT,726.45
2025-11-25,HFCL,70.71
2025-11-25,HITECH,100.48
2025-11-25,HILINFRA,65.62
2025-11-25,HIKAL,224.74
2025-11-25,HILTON,42.52
2025-11-25,HSCL,440.65
2025-11-25,HIMATSEIDE,119.67
2025-11-25,HIRECT,1450.0
2025-11-25,HINDALCO,789.35
2025-11-25,HINDCON,28.98
2025-11-25,HPIL,137.46
2025-11-25,HGS,480.9
2025-11-25,HAL,4441.6
2025-11-25,HINDCOMPOS,446.9
2025-11-25,HCC,23.45
2025-11-25,HINDCOPPER,320.2
2025-11-25,HNDFDS,541.85
2025-11-25,HMVL,66.88
2025-11-25,HINDOILEXP,140.9
2025-11-25,HINDPETRO,455.25
2025-11-25,HINDUNILVR,2414.1
2025-11-25,HINDZINC,462.6
2025-11-25,HINDWAREAP,336.1
2025-11-25,HISARMETAL,171.57
2025-11-25,POWERINDIA,21742.0
2025-11-25,HITECHCORP,179.76
2025-11-25,HLEGLAS,454.1
2025-11-25,HLVLTD,9.44
2025-11-25,HMAAGRO,29.93
2025-11-25,HOMEFIRST,1120.2
2025-11-25,HONASA,295.05
2025-11-25,HONDAPOWER,2437.7
2025-11-25,HONAUT,34955.0
2025-11-25,HPAL,46.33
2025-11-25,HPL,420.45
2025-11-25,HUDCO,230.76
2025-11-25,HTMEDIA,24.41
2025-11-25,HUBTOWN,305.8
2025-11-25,HUHTAMAKI,219.65
2025-11-25,HYUNDAI,2300.8
2025-11-25,IGPL,376.7
2025-11-25,ICEMAKE,672.75
2025-11-25,ICICIBANK,1357.8
2025-11-25,ICICIGI,1999.0
2025-11-25,LOWVOLIETF,22.96
2025-11-25,ICICIPRULI,612.25
2025-11-25,MIDSELIETF,18.35
2025-11-25,NIF100IETF,29.42
2025-11-25,NIFTYIETF,291.28
2025-11-25,SENSEXIETF,975.84
2025-11-25,GOLDIETF,106.95
2025-11-25,NV20IETF,14.83
2025-11-25,ICICIB22,115.68
2025-11-25,CASHIETF,1038.3
2025-11-25,EVIETF,30.97
2025-11-25,GSEC10IETF,259.63
2025-11-25,BSE500IETF,40.01
2025-11-25,GSEC5IETF,63.82
2025-11-25,ALPL30IETF,27.59
2025-11-25,AUTOIETF,28.19
2025-11-25,PVTBANIETF,28.5
2025-11-25,COMMOIETF,92.23
2025-11-25,CONSUMIETF,127.85
2025-11-25,FMCGIETF,58.85
2025-11-25,INFRAIETF,98.99
2025-11-25,LIQUIDIETF,999.99
2025-11-25,MIDCAPIETF,22.84
2025-11-25,MOM30IETF,32.22
2025-11-25,NEXT50IETF,71.67
2025-11-25,HEALTHIETF,151.7
2025-11-25,QUAL30IETF,21.71
2025-11-25,SILVERIETF,155.62
2025-11-25,ITIETF,40.47
2025-11-25,BANKIETF,60.1
2025-11-25,METALIETF,10.12
2025-11-25,OILIETF,12.14
2025-11-25,PSUBNKIETF,85.66
2025-11-25,TOP15IETF,10.97
2025-11-25,VAL30IETF,14.2
2025-11-25,FINIETF,32.07
2025-11-25,ICRA,6174.5
2025-11-25,IDBI,101.2
2025-11-25,IDEAFORGE,465.45
2025-11-25,IDFCFIRSTB,79.35
2025-11-25,IFBAGRO,1445.6
2025-11-25,IFBIND,1717.8
2025-11-25,IFCI,50.28
2025-11-25,IFGLEXPOR,216.19
2025-11-25,IGARASHI,435.2
2025-11-25,IIFLCAPS,295.2
2025-11-25,IIFL,557.4
2025-11-25,IKIO,187.9
2025-11-25,IVC,8.05
2025-11-25,IMAGICAA,48.01
2025-11-25,INCREDIBLE,40.67
2025-11-25,IMPAL,1045.7
2025-11-25,INDSWFTLAB,94.04
2025-11-25,INDTERRAIN,35.42
2025-11-25,INDBANK,36.07
2025-11-25,BAJAJINDEF,333.5
2025-11-25,INDGN,515.25
2025-11-25,INDIAGLYCO,1103.8
2025-11-25,INDNIPPON,833.9
2025-11-25,IPL,175.91
2025-11-25,INDIASHLTR,861.4
2025-11-25,ITDC,573.85
2025-11-25,INDIAMART,2359.5
2025-11-25,INDIANB,873.1
2025-11-25,INDIANCARD,253.65
2025-11-25,IEX,140.24
2025-11-25,INDIANHUME,382.3
2025-11-25,IMFA,1252.8
2025-11-25,IOC,164.12
2025-11-25,IOB,38.84
2025-11-25,IRCTC,677.5
2025-11-25,IRFC,116.74
2025-11-25,IREDA,141.36
2025-11-25,INDIGOPNTS,1276.5
2025-11-25,INDIQUBE,225.88
2025-11-25,INDOAMIN,123.68
2025-11-25,INDOBORAX,245.55
2025-11-25,ICIL,314.35
2025-11-25,INDOFARM,208.17
2025-11-25,INDORAMA,52.48
2025-11-25,INDOTECH,1684.7
2025-11-25,INDOUS,110.49
2025-11-25,NIPPOBATRY,417.15
2025-11-25,INDOCO,254.95
2025-11-25,IGCL,88.71
2025-11-25,INDOSTAR,217.86
2025-11-25,INDOWIND,15.26
2025-11-25,IGL,194.85
2025-11-25,INDRAMEDCO,506.7
2025-11-25,INDUSTOWER,403.6
2025-11-25,INDUSINDBK,839.9
2025-11-25,IITL,174.8
2025-11-25,INFIBEAM,19.23
2025-11-25,NAUKRI,1332.0
2025-11-25,INFOBEAN,558.0
2025-11-25,INFOMEDIA,6.48
2025-11-25,INFY,1530.6
2025-11-25,INGERRAND,3849.9
2025-11-25,INNOVACAP,721.2
2025-11-25,INNOVANA,456.4
2025-11-25,INOXGREEN,218.6
2025-11-25,INOXINDIA,1175.5
2025-11-25,INOXWIND,134.7
2025-11-25,INSECTICID,709.15
2025-11-25,INSPIRISYS,92.23
2025-11-25,ESSENTIA,1.62
2025-11-25,INTELLECT,1088.8
2025-11-25,INTERARCH,2422.4
2025-11-25,INDIGO,5775.0
2025-11-25,IGIL,321.65
2025-11-25,INTLCONV,87.57
2025-11-25,ISFT,83.78
2025-11-25,INVENTURE,1.27
2025-11-25,IKS,1629.8
2025-11-25,IVZINGOLD,10828.4
2025-11-25,IOLCP,90.25
2025-11-25,IONEXCHANG,345.9
2025-11-25,IPCALAB,1406.2
2025-11-25,IRB,43.28
2025-11-25,IRCON,160.83
2025-11-25,IRIS,310.3
2025-11-25,IRISDOREME,33.85
2025-11-25,IRMENERGY,290.4
2025-11-25,ISGEC,810.6
2025-11-25,ITCHOTELS,207.48
2025-11-25,ITC,400.8
2025-11-25,ITI,311.05
2025-11-25,IVALUE,307.8
2025-11-25,IVP,164.39
2025-11-25,J&KBANK,105.29
2025-11-25,JBCHEPHARM,1771.3
2025-11-25,JGCHEM,395.3
2025-11-25,JAGRAN,69.55
2025-11-25,JAGSNPHARM,196.67
2025-11-25,JAIBALAJI,67.03
2025-11-25,JAICORPLTD,141.46
2025-11-25,JISLDVREQS,29.04
2025-11-25,JISLJALEQS,46.0
2025-11-25,JAINREC,404.8
2025-11-25,JPPOWER,19.65
2025-11-25,JAMNAAUTO,104.0
2025-11-25,JSFB,446.5
2025-11-25,JARO,660.45
2025-11-25,JASH,463.6
2025-11-25,JAYBARMARU,86.82
2025-11-25,JAYAGROGN,213.91
2025-11-25,JAYNECOIND,70.35
2025-11-25,JAYSREETEA,92.57
2025-11-25,JBMA,606.5
2025-11-25,JSLL,728.0
2025-11-25,JETFREIGHT,17.92
2025-11-25,JHS,10.65
2025-11-25,RETAIL,28.31
2025-11-25,JPOLYINVST,967.25
2025-11-25,JINDRILL,569.0
2025-11-25,JINDALPHOT,1465.5
2025-11-25,JINDALPOLY,522.45
2025-11-25,JINDALSAW,162.21
2025-11-25,JSL,746.55
2025-11-25,JINDALSTEL,1022.6
2025-11-25,JINDWORLD,32.02
2025-11-25,JKIPL,111.92
2025-11-25,JIOFIN,300.8
2025-11-25,JKCEMENT,5585.0
2025-11-25,JKLAKSHMI,781.65
2025-11-25,JKPAPER,364.25
2025-11-25,JKTYRE,441.7
2025-11-25,JKIL,587.3
2025-11-25,JMFINANCIL,139.9
2025-11-25,JNKINDIA,251.4
2025-11-25,JOCIL,148.32
2025-11-25,JCHAC,1746.2
2025-11-25,JSWCEMENT,116.17
2025-11-25,JSWENERGY,476.6
2025-11-25,JSWHL,18569.0
2025-11-25,JSWINFRA,267.3
2025-11-25,JSWSTEEL,1112.0
2025-11-25,JTEKTINDIA,151.33
2025-11-25,JTLIND,63.2
2025-11-25,JUBLFOOD,593.05
2025-11-25,JUBLINGREA,725.0
2025-11-25,JUBLPHARMA,1087.8
2025-11-25,JMA,88.78
2025-11-25,JUNIPER,238.65
2025-11-25,JLHL,1464.5
2025-11-25,JWL,289.0
2025-11-25,JUSTDIAL,742.4
2025-11-25,JYOTHYLAB,302.65
2025-11-25,JYOTICNC,1038.9
2025-11-25,JYOTISTRUC,11.15
2025-11-25,KMSUGAR,26.83
2025-11-25,KPEL,387.95
2025-11-25,KABRAEXTRU,237.19
2025-11-25,KAJARIACER,1087.6
2025-11-25,KAKATCEM,134.53
2025-11-25,KALPATARU,356.4
2025-11-25,KPIL,1226.4
2025-11-25,KALYANKJIL,482.8
2025-11-25,KALYANIFRG,649.9
2025-11-25,KICL,5086.0
2025-11-25,KSL,768.05
2025-11-25,KAMATHOTEL,236.25
2025-11-25,KAMDHENU,25.92
2025-11-25,KAMOPAINTS,6.96
2025-11-25,KANANIIND,1.75
2025-11-25,KANORICHEM,72.19
2025-11-25,KANPRPLA,207.08
2025-11-25,KANSAINER,231.02
2025-11-25,KAPSTON,315.75
2025-11-25,KTKBANK,215.59
2025-11-25,KARURVYSYA,247.95
2025-11-25,KSCL,1002.1
2025-11-25,KAYA,394.55
2025-11-25,KAYNES,5777.5
2025-11-25,KCP,183.16
2025-11-25,KCPSUGIND,26.61
2025-11-25,KDDL,2467.2
2025-11-25,KEC,699.75
2025-11-25,KEI,4071.5
2025-11-25,KELLTONTEC,18.88
2025-11-25,KERNEX,1208.8
2025-11-25,KESORAMIND,5.24
2025-11-25,KKCL,498.25
2025-11-25,KEYFINSERV,295.7
2025-11-25,RUSTOMJEE,532.0
2025-11-25,KFINTECH,1050.4
2025-11-25,KHADIM,205.23
2025-11-25,KHAITANLTD,97.96
2025-11-25,KHAICHEM,85.29
2025-11-25,KHANDSE,21.8
2025-11-25,KILITCH,353.4
2025-11-25,KIOCL,337.45
2025-11-25,KIRIINDUS,581.2
2025-11-25,KIRLOSBROS,1680.7
2025-11-25,KECL,104.6
2025-11-25,KIRLOSIND,3515.1
2025-11-25,KIRLOSENG,1157.5
2025-11-25,KIRLPNU,1064.6
2025-11-25,KITEX,211.19
2025-11-25,KMEW,2828.9
2025-11-25,KNRCON,162.62
2025-11-25,KOHINOOR,28.09
2025-11-25,KOKUYOCMLN,94.63
2025-11-25,KOLTEPATIL,385.65
2025-11-25,KOPRAN,130.15
2025-11-25,GOLD1,104.2
2025-11-25,KOTAKBANK,2069.9
2025-11-25,NIFTY1,285.31
2025-11-25,PSUBANK,845.72
2025-11-25,CHEMICAL,28.72
2025-11-25,ALPHA,49.04
2025-11-25,CONS,127.33
2025-11-25,IT,40.29
2025-11-25,LIQUID1,1079.42
2025-11-25,LOWVOL1,21.81
2025-11-25,MIDCAP,175.44
2025-11-25,MNC,30.65
2025-11-25,SILVER1,151.13
2025-11-25,NV20,151.62
2025-11-25,MID150,22.46
2025-11-25,MOMENTUM30,31.75
2025-11-25,MSCIINDIA,30.69
2025-11-25,NIFTY100EW,33.76
2025-11-25,QUALITY30,21.31
2025-11-25,BANKNIFTY1,608.54
2025-11-25,KOTHARIPET,137.49
2025-11-25,KOTHARIPRO,81.2
2025-11-25,KOTARISUG,28.37
2025-11-25,KPIGREEN,441.05
2025-11-25,KPITTECH,1172.0
2025-11-25,KPRMILL,1079.0
2025-11-25,KRBL,412.85
2025-11-25,KREBSBIO,65.72
2025-11-25,KRIDHANINF,3.71
2025-11-25,KRISHANA,501.8
2025-11-25,KRISHIVAL,472.3
2025-11-25,KIMS,675.15
2025-11-25,KRITI,92.97
2025-11-25,KRITINUT,81.24
2025-11-25,KRITIKA,7.54
2025-11-25,KRN,826.45
2025-11-25,KRONOX,143.57
2025-11-25,KROSS,160.65
2025-11-25,KRSNAA,806.1
2025-11-25,KRYSTAL,552.75
2025-11-25,KSB,748.25
2025-11-25,KSHITIJPOL,2.57
2025-11-25,KSOLVES,301.0
2025-11-25,KUANTUM,99.09
2025-11-25,LTF,296.9
2025-11-25,LTTS,4262.8
2025-11-25,LAOPALA,220.04
2025-11-25,LAGNAM,76.41
2025-11-25,LFIC,193.24
2025-11-25,LAMBODHARA,132.54
2025-11-25,LANDMARK,539.2
2025-11-25,LPDC,7.89
2025-11-25,LT,3996.7
2025-11-25,LATENTVIEW,499.2
2025-11-25,LAURUSLABS,977.55
2025-11-25,LAXMICOT,20.07
2025-11-25,LAXMIDENTL,284.7
2025-11-25,LGHL,271.45
2025-11-25,LAXMIINDIA,134.7
2025-11-25,LXCHEM,182.98
2025-11-25,LCCINFOTEC,4.88
2025-11-25,IXIGO,277.15
2025-11-25,THELEELA,409.55
2025-11-25,LEMONTREE,150.0
2025-11-25,LENSKART,414.95
2025-11-25,LGBBROSLTD,1851.5
2025-11-25,LGEINDIA,1628.2
2025-11-25,LIBAS,11.33
2025-11-25,LIBERTSHOE,296.1
2025-11-25,LICHSGFIN,548.1
2025-11-25,LICMFGOLD,11192.85
2025-11-25,LICNETFN50,287.38
2025-11-25,LICNETFSEN,953.22
2025-11-25,LICNFNHGP,287.0
2025-11-25,LICNETFGSC,28.84
2025-11-25,LICNMID100,60.14
2025-11-25,LICI,897.65
2025-11-25,LIKHITHA,203.02
2025-11-25,LINC,119.52
2025-11-25,LINCOLN,520.1
2025-11-25,LINDEINDIA,5890.0
2025-11-25,LLOYDSENGG,52.13
2025-11-25,LLOYDSENT,56.65
2025-11-25,LLOYDSME,1188.8
2025-11-25,LMW,14992.0
2025-11-25,LODHA,1160.2
2025-11-25,LOKESHMACH,157.69
2025-11-25,LORDSCHLO,179.69
2025-11-25,LAL,8.98
2025-11-25,LOVABLE,83.29
2025-11-25,LOYALTEX,218.02
2025-11-25,LTFOODS,404.75
2025-11-25,LTIM,5833.0
2025-11-25,LUMAXTECH,1473.8
2025-11-25,LUMAXIND,5542.1
2025-11-25,LUPIN,2042.3
2025-11-25,LUXIND,1153.9
2025-11-25,LYKALABS,83.49
2025-11-25,LYPSAGEMS,5.08
2025-11-25,MBEL,382.1
2025-11-25,MKPL,6.22
2025-11-25,M&MFIN,360.35
2025-11-25,MAANALU,133.76
2025-11-25,MACPOWER,954.05
2025-11-25,MADHAV,42.75
2025-11-25,MADHUCON,6.02
2025-11-25,MBAPL,392.3
2025-11-25,MADRASFERT,76.14
2025-11-25,MAGADSUGAR,491.4
2025-11-25,MCLOUD,46.21
2025-11-25,MAGNUM,22.04
2025-11-25,MAHAPEXLTD,89.9
2025-11-25,MFML,26.8
2025-11-25,MHLXMIRU,221.46
2025-11-25,MGL,1206.8
2025-11-25,MTNL,37.96
2025-11-25,MAHSCOOTER,14034.0
2025-11-25,MAHSEAMLES,585.0
2025-11-25,MAHESHWARI,49.1
2025-11-25,M&M,3669.3
2025-11-25,MAHEPC,127.05
2025-11-25,MHRIL,317.5
2025-11-25,MAHLIFE,390.9
2025-11-25,MAHLOG,320.45
2025-11-25,MAITHANALL,955.7
2025-11-25,MALLCOM,1215.4
2025-11-25,MALUPAPER,37.45
2025-11-25,MAMATA,411.55
2025-11-25,MANAKCOAT,133.99
2025-11-25,MANINDS,470.5
2025-11-25,MANINFRA,122.39
2025-11-25,MANAKSIA,62.17
2025-11-25,MANAKSTEEL,60.88
2025-11-25,MANALIPETC,65.77
2025-11-25,MANAPPURAM,279.05
2025-11-25,MANBA,136.22
2025-11-25,MANCREDIT,176.25
2025-11-25,MEIL,403.85
2025-11-25,MANGLMCEM,688.3
2025-11-25,MANGALAM,36.32
2025-11-25,MGEL,14.24
2025-11-25,MANORG,459.05
2025-11-25,MWL,237.14
2025-11-25,MANKIND,2241.9
2025-11-25,MVGJL,194.56
2025-11-25,MANOMAY,230.62
2025-11-25,MANORAMA,1321.3
2025-11-25,MARALOVER,47.03
2025-11-25,MARATHON,553.8
2025-11-25,MARICO,731.35
2025-11-25,MARINE,229.15
2025-11-25,MARKOLINES,149.82
2025-11-25,MARKSANS,188.55
2025-11-25,MARUTI,15889.0
2025-11-25,MASFIN,307.65
2025-11-25,MASTEK,2229.0
2025-11-25,MASTERTR,110.46
2025-11-25,MATRIMONY,484.7
2025-11-25,MAWANASUG,82.44
2025-11-25,MAXESTATES,462.75
2025-11-25,MFSL,1697.9
2025-11-25,MAXHEALTH,1158.1
2025-11-25,MAXIND,196.98
2025-11-25,MAYURUNIQ,493.45
2025-11-25,MAZDOCK,2643.0
2025-11-25,MAZDA,233.65
2025-11-25,MBLINFRA,34.55
2025-11-25,MEDIASSIST,481.8
2025-11-25,MEDICAMEQ,415.95
2025-11-25,MEDPLUS,788.8
2025-11-25,MOL,67.68
2025-11-25,MENONBE,109.35
2025-11-25,METROBRAND,1154.8
2025-11-25,METROPOLIS,1952.1
2025-11-25,MICEL,43.23
2025-11-25,MIDWESTLTD,1187.7
2025-11-25,MINDACORP,593.4
2025-11-25,MINDTECK,211.25
2025-11-25,ALPHAETF,25.52
2025-11-25,BANKETF,596.23
2025-11-25,BANKPSU,85.25
2025-11-25,CONSUMER,12.02
2025-11-25,ENERGY,35.39
2025-11-25,EQUAL200,13.35
2025-11-25,EQUAL50,331.53
2025-11-25,EVINDIA,30.96
2025-11-25,INTERNET,14.33
2025-11-25,ITETF,38.55
2025-11-25,LIQUID,999.99
2025-11-25,LIQUIDPLUS,1061.03
2025-11-25,ESG,43.89
2025-11-25,MAFANG,165.28
2025-11-25,BFSI,28.34
2025-11-25,GOLDETF,121.31
2025-11-25,GSEC10YEAR,29.6
2025-11-25,MAHKTECH,24.9
2025-11-25,MIDCAPETF,22.56
2025-11-25,MAKEINDIA,153.24
2025-11-25,NIFTYETF,279.68
2025-11-25,LOWVOL,213.87
2025-11-25,NEXT50,700.23
2025-11-25,SILVERAG,152.28
2025-11-25,MASPTOP50,68.3
2025-11-25,METAL,10.12
2025-11-25,MIDSMALL,48.9
2025-11-25,MULTICAP,16.47
2025-11-25,SELECTIPO,47.95
2025-11-25,SENSEXETF,86.74
2025-11-25,SMALL250,16.64
2025-11-25,SMALLCAP,44.53
2025-11-25,MIRZAINT,40.11
2025-11-25,MIDHANI,329.5
2025-11-25,MITCON,70.64
2025-11-25,MITTAL,1.35
2025-11-25,MMFL,320.7
2025-11-25,MMP,254.05
2025-11-25,MMTC,60.28
2025-11-25,MODTHREAD,44.77
2025-11-25,MODIRUBBER,111.37
2025-11-25,MODIS,372.9
2025-11-25,MODISONLTD,141.35
2025-11-25,MOIL,322.3
2025-11-25,MOKSH,14.06
2025-11-25,MOLDTKPAC,612.6
2025-11-25,MOLDTECH,162.03
2025-11-25,MONARCH,300.35
2025-11-25,MONEYBOXX,134.09
2025-11-25,MONTECARLO,789.05
2025-11-25,MOREPENLAB,42.89
2025-11-25,MOSCHIP,209.35
2025-11-25,MSUMI,46.79
2025-11-25,MOM100,64.93
2025-11-25,MON100,230.9
2025-11-25,MOTILALOFS,945.9
2025-11-25,MOM50,269.01
2025-11-25,MOGSEC,62.74
2025-11-25,MOALPHA50,51.27
2025-11-25,MOCAPITAL,47.11
2025-11-25,MODEFENCE,87.06
2025-11-25,MOENERGY,35.49
2025-11-25,MOGOLD,123.85
2025-11-25,MOHEALTH,44.92
2025-11-25,MOINFRA,60.21
2025-11-25,MOIPO,48.03
2025-11-25,MOLOWVOL,38.96
2025-11-25,MOMENTUM50,53.51
2025-11-25,MOMGF,150.93
2025-11-25,MOMIDMTM,63.66
2025-11-25,MOMOMENTUM,64.16
2025-11-25,MON50EQUAL,33.22
2025-11-25,MONEXT50,67.85
2025-11-25,MONIFTY100,26.54
2025-11-25,MONIFTY500,24.14
2025-11-25,MONQ50,98.13
2025-11-25,MOPSE,98.4
2025-11-25,MOQUALITY,195.89
2025-11-25,MOREALTY,90.21
2025-11-25,MOSILVER,154.89
2025-11-25,MOSMALL250,16.71
2025-11-25,MOTOUR,88.06
2025-11-25,MOVALUE,112.89
2025-11-25,MOTISONS,16.44
2025-11-25,MOTOGENFIN,24.46
2025-11-25,MPHASIS,2797.2
2025-11-25,MPSLTD,2078.1
2025-11-25,MRF,154780.0
2025-11-25,MRPL,165.79
2025-11-25,BECTORFOOD,1274.7
2025-11-25,MSPL,33.63
2025-11-25,MSTCLTD,481.5
2025-11-25,MTARTECH,2539.0
2025-11-25,MUFIN,111.08
2025-11-25,MUKANDLTD,131.58
2025-11-25,MUKKA,24.97
2025-11-25,MUKTAARTS,63.06
2025-11-25,MCX,9867.0
2025-11-25,MUNJALAU,80.89
2025-11-25,MUNJALSHOW,124.61
2025-11-25,MURUDCERA,35.86
2025-11-25,RADIOCITY,6.84
2025-11-25,MUTHOOTCAP,266.4
2025-11-25,MUTHOOTFIN,3681.4
2025-11-25,MUTHOOTMF,192.28
2025-11-25,NRAIL,478.7
2025-11-25,NBIFIN,2270.2
2025-11-25,NACLIND,177.81
2025-11-25,NDGL,3362.0
2025-11-25,NAGAFERT,4.54
2025-11-25,NAGREEKEXP,27.28
2025-11-25,NAHARCAP,262.85
2025-11-25,NAHARINDUS,110.97
2025-11-25,NAHARPOLY,255.4
2025-11-25,NAHARSPING,197.8
2025-11-25,NGIL,27.95
2025-11-25,NSIL,6721.5
2025-11-25,NDL,3.05
2025-11-25,JAIPURKURT,31.07
2025-11-25,NH,1957.3
2025-11-25,NATCOPHARM,834.0
2025-11-25,NATHBIOGEN,150.27
2025-11-25,NATIONALUM,253.97
2025-11-25,NFL,83.29
2025-11-25,NAVA,515.45
2025-11-25,NAVINFLUOR,5782.5
2025-11-25,NAVKARCORP,100.11
2025-11-25,NAVKARURB,1.55
2025-11-25,NAVNETEDUL,148.29
2025-11-25,NAZARA,253.3
2025-11-25,NBCC,117.59
2025-11-25,NCC,173.23
2025-11-25,NCLIND,201.06
2025-11-25,NDRAUTO,851.75
2025-11-25,NDTV,83.66
2025-11-25,NECLIFE,15.19
2025-11-25,NELCAST,106.56
2025-11-25,NELCO,834.1
2025-11-25,NEOGEN,1187.0
2025-11-25,NESCO,1260.7
2025-11-25,NESTLEIND,1263.2
2025-11-25,NETWEB,3297.4
2025-11-25,NPST,1586.1
2025-11-25,NETWORK18,44.54
2025-11-25,NEULANDLAB,16846.0
2025-11-25,NEWGEN,873.95
2025-11-25,NEXTMEDIA,6.06
2025-11-25,NGLFINE,1333.1
2025-11-25,NHPC,77.23
2025-11-25,NIBE,1064.9
2025-11-25,NIITMTS,379.15
2025-11-25,NIITLTD,96.04
2025-11-25,NILAINFRA,9.43
2025-11-25,NILKAMAL,1420.9
2025-11-25,NINSYS,411.5
2025-11-25,BANKBEES,606.43
2025-11-25,CONSUMBEES,137.57
2025-11-25,DIVOPPBEES,81.0
2025-11-25,NV20BEES,152.06
2025-11-25,GOLDBEES,103.46
2025-11-25,HNGSNGBEES,503.01
2025-11-25,INFRABEES,990.82
2025-11-25,ITBEES,40.42
2025-11-25,JUNIORBEES,733.58
2025-11-25,LIQUIDBEES,1000.0
2025-11-25,LTGILTBEES,29.19
2025-11-25,MID150BEES,227.75
2025-11-25,NIF100BEES,279.51
2025-11-25,NIFTYBEES,292.68
2025-11-25,PSUBNKBEES,94.71
2025-11-25,SHARIABEES,507.5
2025-11-25,NAM-INDIA,858.3
2025-11-25,LIQGRWBEES,1017.39
2025-11-25,MANUFGBEES,151.28
2025-11-25,AUTOBEES,280.57
2025-11-25,PHARMABEES,23.17
2025-11-25,SILVERBEES,149.32
2025-11-25,SNXT30BEES,39.83
2025-11-25,NIRAJ,37.64
2025-11-25,NIRAJISPAT,219.0
2025-11-25,NITCO,84.14
2025-11-25,NITINSPIN,326.9
2025-11-25,NITIRAJ,186.94
2025-11-25,NIVABUPA,76.08
2025-11-25,NKIND,69.89
2025-11-25,NLCINDIA,240.05
2025-11-25,NMDC,72.7
2025-11-25,NSLNISP,40.99
2025-11-25,NOCIL,174.15
2025-11-25,NOIDATOLL,4.31
2025-11-25,NECCLTD,20.01
2025-11-25,NORTHARC,258.05
2025-11-25,NOVAAGRI,43.05
2025-11-25,NRBBEARING,284.1
2025-11-25,NIBL,32.23
2025-11-25,NTPCGREEN,94.75
2025-11-25,NTPC,323.7
2025-11-25,NUCLEUS,923.1
2025-11-25,NRL,61.56
2025-11-25,NUVAMA,6972.5
2025-11-25,NUVOCO,355.05
2025-11-25,OBEROIRLTY,1629.6
2025-11-25,OCCLLTD,103.52
2025-11-25,ONGC,245.35
2025-11-25,OILCOUNTUB,62.18
2025-11-25,OIL,421.05
2025-11-25,OLECTRA,1269.0
2025-11-25,OMFREIGHT,88.69
2025-11-25,OMINFRAL,105.7
2025-11-25,OMAXAUTO,87.1
2025-11-25,OMAXE,68.49
2025-11-25,PAYTM,1241.4
2025-11-25,MOBIKWIK,238.0
2025-11-25,ONEPOINT,51.84
2025-11-25,ONESOURCE,1609.4
2025-11-25,ONMOBILE,57.52
2025-11-25,ONWARDTEC,272.45
2025-11-25,OPTIEMUS,533.55
2025-11-25,OFSS,8084.0
2025-11-25,ORBTEXP,205.01
2025-11-25,ORCHPHARMA,842.1
2025-11-25,ORIENTBELL,288.45
2025-11-25,ORIENTCEM,172.6
2025-11-25,ORIENTCER,40.32
2025-11-25,ORIENTELEC,199.45
2025-11-25,GREENPOWER,12.86
2025-11-25,ORIENTHOT,120.63
2025-11-25,ORIENTPPR,23.39
2025-11-25,ORIENTLTD,81.76
2025-11-25,ORIENTTECH,366.1
2025-11-25,OAL,320.6
2025-11-25,ORIENTALTL,8.72
2025-11-25,OBCL,55.14
2025-11-25,ORISSAMINE,4871.5
2025-11-25,ORKLAINDIA,655.55
2025-11-25,ORTINGLOBE,11.93
2025-11-25,OSWALAGRO,62.55
2025-11-25,OSWALGREEN,34.65
2025-11-25,OSWALPUMPS,565.6
2025-11-25,PNGJL,618.2
2025-11-25,PGHH,12824.0
2025-11-25,PACEDIGITK,217.13
2025-11-25,PAGEIND,38535.0
2025-11-25,PAISALO,34.6
2025-11-25,PAKKA,115.75
2025-11-25,PALASHSECU,113.57
2025-11-25,PANACEABIO,345.15
2025-11-25,PANAMAPET,296.05
2025-11-25,PANSARI,281.3
2025-11-25,PAR,89.97
2025-11-25,PARADEEP,156.8
2025-11-25,PARAGMILK,324.9
2025-11-25,PARACABLES,39.25
2025-11-25,PARAS,710.45
2025-11-25,PARASPETRO,1.98
2025-11-25,PARKHOTELS,137.28
2025-11-25,PARSVNATH,13.88
2025-11-25,PASHUPATI,811.05
2025-11-25,PASUPTAC,57.96
2025-11-25,PATANJALI,569.35
2025-11-25,PATELENG,31.95
2025-11-25,PATINTLOG,14.23
2025-11-25,PATELRMART,245.88
2025-11-25,PAVNAIND,31.06
2025-11-25,POLICYBZR,1765.9
2025-11-25,PCJEWELLER,10.17
2025-11-25,PCBL,326.2
2025-11-25,PDSL,369.55
2025-11-25,PGIL,1709.2
2025-11-25,PEARLPOLY,22.58
2025-11-25,PENINLAND,29.12
2025-11-25,PENIND,223.25
2025-11-25,PERSISTENT,6370.5
2025-11-25,PETRONET,272.15
2025-11-25,PFIZER,5000.0
2025-11-25,PGEL,570.35
2025-11-25,PWL,135.59
2025-11-25,PIIND,3448.5
2025-11-25,PICCADIL,607.9
2025-11-25,PIDILITIND,1466.6
2025-11-25,PILITA,11.48
2025-11-25,PILANIINVS,5119.5
2025-11-25,PINELABS,245.92
2025-11-25,PIONEEREMB,27.79
2025-11-25,PIRAMALFIN,1619.3
2025-11-25,PPLPHARMA,184.87
2025-11-25,PITTIENG,869.5
2025-11-25,PIXTRANS,1451.4
2025-11-25,PLASTIBLEN,163.68
2025-11-25,PLATIND,273.55
2025-11-25,PLAZACABLE,41.18
2025-11-25,PNBGILTS,84.78
2025-11-25,PNBHOUSING,881.45
2025-11-25,PNCINFRA,248.9
2025-11-25,PODDARMENT,260.05
2025-11-25,POKARNA,915.05
2025-11-25,POLYMED,1908.8
2025-11-25,POLYCAB,7439.0
2025-11-25,POLYPLEX,834.3
2025-11-25,POCL,1309.2
2025-11-25,PONNIERODE,281.25
2025-11-25,POONAWALLA,459.75
2025-11-25,PVSL,131.39
2025-11-25,PFC,361.4
2025-11-25,POWERGRID,273.45
2025-11-25,POWERMECH,2334.6
2025-11-25,PPAP,222.45
2025-11-25,PRABHA,192.11
2025-11-25,PRAJIND,322.6
2025-11-25,PRAKASH,131.81
2025-11-25,PPL,248.7
2025-11-25,PRAKASHSTL,4.61
2025-11-25,DIAMONDYD,1003.4
2025-11-25,PRECAM,173.69
2025-11-25,PRECWIRE,248.27
2025-11-25,PRECOT,447.1
2025-11-25,PREMIERENE,967.4
2025-11-25,PREMEXPLN,532.1
2025-11-25,PREMIERPOL,44.15
2025-11-25,PRESTIGE,1655.9
2025-11-25,PRICOLLTD,624.75
2025-11-25,PFOCUS,170.12
2025-11-25,PRIMESECU,303.75
2025-11-25,PRIMO,24.03
2025-11-25,PRINCEPIPE,277.85
2025-11-25,PRSMJOHNSN,137.06
2025-11-25,PRITI,57.09
2025-11-25,PRITIKAUTO,14.79
2025-11-25,PRIVISCL,3061.3
2025-11-25,PGHL,5825.5
2025-11-25,PROSTARM,156.25
2025-11-25,PROTEAN,817.3
2025-11-25,PRUDENT,2474.1
2025-11-25,PRUDMOULI,25.15
2025-11-25,PSPPROJECT,909.45
2025-11-25,PFS,34.12
2025-11-25,PTC,159.89
2025-11-25,PTCIL,17876.0
2025-11-25,PTL,39.4
2025-11-25,PDMJEPAPER,101.45
2025-11-25,PSB,29.91
2025-11-25,PUNJABCHEM,1275.7
2025-11-25,PNB,123.05
2025-11-25,PURVA,247.15
2025-11-25,PVRINOX,1049.6
2025-11-25,PYRAMID,164.85
2025-11-25,QUADFUTURE,303.85
2025-11-25,QPOWER,745.0
2025-11-25,QGOLDHALF,103.28
2025-11-25,QNIFTY,2829.26
2025-11-25,QUESS,218.55
2025-11-25,QUICKHEAL,297.45
2025-11-25,RKSWAMY,121.48
2025-11-25,RMDRIP,79.12
2025-11-25,RRKABEL,1362.2
2025-11-25,RSYSTEMS,400.2
2025-11-25,RNBDENIMS,129.78
2025-11-25,RSSOFTWARE,46.2
2025-11-25,RPPINFRA,103.54
2025-11-25,RACE,155.17
2025-11-25,RACLGEAR,1062.8
2025-11-25,RADAAN,3.31
2025-11-25,RADHIKAJWE,79.99
2025-11-25,RADIANTCMS,52.37
2025-11-25,RADICO,3284.5
2025-11-25,RPEL,1009.05
2025-11-25,RVNL,322.9
2025-11-25,RAILTEL,338.15
2025-11-25,RAIN,109.71
2025-11-25,RAINBOW,1347.0
2025-11-25,ROML,50.34
2025-11-25,RAJTV,41.49
2025-11-25,ARENTERP,52.22
2025-11-25,RAJESHEXPO,187.49
2025-11-25,RAJMET,4.06
2025-11-25,RAJOOENG,72.72
2025-11-25,RAJRATAN,440.85
2025-11-25,RPPL,18.1
2025-11-25,RAJSREESUG,36.77
2025-11-25,RALLIS,261.55
2025-11-25,RAMRAT,602.85
2025-11-25,RAMAPHO,177.17
2025-11-25,RAMASTEEL,10.09
2025-11-25,RAMCOIND,317.0
2025-11-25,RAMCOSYS,597.1
2025-11-25,RKFORGE,531.75
2025-11-25,RAMKY,598.45
2025-11-25,RANASUG,13.18
2025-11-25,RML,765.2
2025-11-25,RANEHOLDIN,1392.0
2025-11-25,RPTECH,326.45
2025-11-25,RCF,139.52
2025-11-25,RATEGAIN,688.0
2025-11-25,RATNAMANI,2324.6
2025-11-25,RATNAVEER,147.63
2025-11-25,RTNINDIA,43.13
2025-11-25,RTNPOWER,9.9
2025-11-25,RKDL,25.02
2025-11-25,RELTD,151.85
2025-11-25,RAYMONDLSL,1108.2
2025-11-25,RAYMOND,487.0
2025-11-25,RAYMONDREL,486.45
2025-11-25,RBLBANK,308.25
2025-11-25,RBZJEWEL,139.7
2025-11-25,RECLTD,351.75
2025-11-25,REDINGTON,288.05
2025-11-25,REDTAPE,132.64
2025-11-25,REFEX,320.95
2025-11-25,REGAAL,84.29
2025-11-25,REGENCERAM,46.1
2025-11-25,RELAXO,400.15
2025-11-25,GILT5YBEES,63.52
2025-11-25,SDL26BEES,135.16
2025-11-25,RELCHEMQ,141.27
2025-11-25,RIIL,853.25
2025-11-25,RELIANCE,1539.7
2025-11-25,RPOWER,37.2
2025-11-25,RELIGARE,246.0
2025-11-25,REMSONSIND,121.16
2025-11-25,RGL,120.46
2025-11-25,REPCOHOME,417.2
2025-11-25,REPRO,500.2
2025-11-25,RESPONIND,189.65
2025-11-25,RBA,63.74
2025-11-25,RVTH,773.25
2025-11-25,RHETAN,22.46
2025-11-25,RHIM,461.15
2025-11-25,RICOAUTO,103.68
2025-11-25,RITCO,269.55
2025-11-25,RITES,236.64
2025-11-25,RKEC,56.25
2025-11-25,RHL,217.15
2025-11-25,ROLEXRINGS,104.29
2025-11-25,ROLLT,1.17
2025-11-25,ROSSARI,594.95
2025-11-25,ROSSELLIND,57.56
2025-11-25,ROSSTECH,692.85
2025-11-25,ROTO,59.43
2025-11-25,ROUTE,668.15
2025-11-25,ROHLTD,397.25
2025-11-25,RPGLIFE,2251.2
2025-11-25,RPSGVENT,795.1
2025-11-25,RSWM,151.93
2025-11-25,RUBFILA,75.14
2025-11-25,RUBICON,654.8
2025-11-25,RUCHINFRA,6.21
2025-11-25,RUCHIRA,120.22
2025-11-25,REPL,126.77
2025-11-25,RUPA,173.12
2025-11-25,RUSHIL,23.0
2025-11-25,SCHAND,164.23
2025-11-25,SHK,172.38
2025-11-25,S&SPOWER,246.35
2025-11-25,SPAL,772.3
2025-11-25,SAATVIKGL,416.1
2025-11-25,SADBHAV,10.08
2025-11-25,SAFARI,2465.5
2025-11-25,SAGCEM,212.64
2025-11-25,SAGARDEEP,26.24
2025-11-25,SAGILITY,50.01
2025-11-25,SAHYADRI,248.45
2025-11-25,SAILIFE,874.65
2025-11-25,KALAMANDIR,167.13
2025-11-25,SAKAR,369.5
2025-11-25,SAKSOFT,203.8
2025-11-25,SAKHTISUG,18.92
2025-11-25,SAKUMA,2.43
2025-11-25,SALASAR,10.06
2025-11-25,SALONA,268.35
2025-11-25,SALZERELEC,719.0
2025-11-25,SAMBHV,105.96
2025-11-25,SAMHI,178.21
2025-11-25,SAMMAANCAP,151.74
2025-11-25,SAMPANN,34.05
2025-11-25,MOTHERSON,110.21
2025-11-25,SANATHAN,478.75
2025-11-25,SANDESH,1110.6
2025-11-25,SANDHAR,508.6
2025-11-25,SANDUMA,199.13
2025-11-25,SANGAMIND,450.05
2025-11-25,SANGHIIND,63.51
2025-11-25,SANGHVIMOV,340.45
2025-11-25,SANGINITA,10.07
2025-11-25,SANOFICONR,4790.8
2025-11-25,SANOFI,4380.7
2025-11-25,SANSERA,1660.6
2025-11-25,SANSTAR,90.63
2025-11-25,SAPPHIRE,259.55
2025-11-25,SSDL,81.28
2025-11-25,SARDAEN,489.0
2025-11-25,SAREGAMA,370.9
2025-11-25,SARLAPOLY,88.34
2025-11-25,SMLT,97.49
2025-11-25,SARVESHWAR,4.62
2025-11-25,SASKEN,1340.0
2025-11-25,SASTASUNDR,318.85
2025-11-25,SATIA,68.83
2025-11-25,SATIN,149.09
2025-11-25,SAURASHCEM,90.32
2025-11-25,SOTL,365.95
2025-11-25,SBC,26.1
2025-11-25,SBFC,107.34
2025-11-25,SBICARD,873.4
2025-11-25,SBILIFE,2031.0
2025-11-25,SETFGOLD,106.65
2025-11-25,SETFNIF50,276.7
2025-11-25,SETFNIFBK,601.47
2025-11-25,SETFNN50,727.05
2025-11-25,LIQUIDSBI,1000.01
2025-11-25,SBIBPB,49.27
2025-11-25,SBIETFCON,127.6
2025-11-25,SBIETFIT,404.2
2025-11-25,SBIETFPB,287.5
2025-11-25,SBIETFQLTY,228.99
2025-11-25,SBILIQETF,1015.71
2025-11-25,SBINEQWETF,33.22
2025-11-25,SBISILVER,153.03
2025-11-25,SETF10GILT,260.09
2025-11-25,SCHAEFFLER,3917.3
2025-11-25,SCHNEIDER,714.05
2025-11-25,SCODATUBES,159.91
2025-11-25,SEAMECLTD,876.3
2025-11-25,SECMARK,116.18
2025-11-25,SEMAC,332.05
2025-11-25,SENCO,313.25
2025-11-25,SENORES,765.4
2025-11-25,SEPC,9.74
2025-11-25,SEQUENT,221.96
2025-11-25,SERVOTECH,94.82
2025-11-25,STYL,301.4
2025-11-25,SESHAPAPER,244.25
2025-11-25,SETCO,15.14
2025-11-25,SGFIN,400.65
2025-11-25,SGMART,346.95
2025-11-25,SHAHALLOYS,77.7
2025-11-25,SHAH,3.81
2025-11-25,SHAILY,2527.2
2025-11-25,SHAKTIPUMP,683.4
2025-11-25,SHALBY,210.97
2025-11-25,SHALPAINTS,66.42
2025-11-25,SHANKARA,120.78
2025-11-25,SHANTIGEAR,470.1
2025-11-25,SHANTIGOLD,213.43
2025-11-25,SHANTI,9.36
2025-11-25,SHARDACROP,826.95
2025-11-25,SHARDAMOTR,909.3
2025-11-25,SHAREINDIA,161.74
2025-11-25,SFL,593.1
2025-11-25,SCPL,209.96
2025-11-25,SHEKHAWATI,19.17
2025-11-25,SHEMAROO,113.22
2025-11-25,SHILCTECH,4171.9
2025-11-25,SHILPAMED,350.85
2025-11-25,SCILAL,47.55
2025-11-25,SCI,232.45
2025-11-25,SHIVAUM,283.0
2025-11-25,SHIVAMILLS,63.18
2025-11-25,SHIVATEX,185.95
2025-11-25,SBCL,439.8
2025-11-25,SHIVALIK,398.4
2025-11-25,SHIVAMAUTO,27.1
2025-11-25,SHOPERSTOP,418.8
2025-11-25,SHRADHA,44.7
2025-11-25,SHREEPUSHK,410.0
2025-11-25,SHREECEM,26455.0
2025-11-25,SHREDIGCEM,90.15
2025-11-25,RAMANEWS,28.79
2025-11-25,RENUKA,26.82
2025-11-25,BALAJEE,40.55
2025-11-25,SVLL,701.1
2025-11-25,SHREEJISPG,314.3
2025-11-25,SHRENIK,0.51
2025-11-25,SHREYANIND,184.46
2025-11-25,SHRINGARMS,223.32
2025-11-25,LIQUIDSHRI,1080.8
2025-11-25,SHRIRAMFIN,838.25
2025-11-25,SHRIPISTON,2596.2
2025-11-25,SHRIRAMPPS,87.8
2025-11-25,SHYAMCENT,6.51
2025-11-25,SHYAMMETL,818.4
2025-11-25,SHYAMTEL,12.33
2025-11-25,ENRIN,3097.5
2025-11-25,SIEMENS,3181.1
2025-11-25,SIGACHI,34.05
2025-11-25,SIGNATURE,1111.7
2025-11-25,SIGIND,50.78
2025-11-25,SIGNPOST,213.87
2025-11-25,SILINV,541.8
2025-11-25,SILVERTUC,791.25
2025-11-25,SIMPLEXINF,291.15
2025-11-25,SINCLAIR,84.27
2025-11-25,SINDHUTRAD,23.68
2025-11-25,SINTERCOM,117.5
2025-11-25,SIRCA,513.5
2025-11-25,SIS,331.5
2025-11-25,SIYSIL,737.5
2025-11-25,SJS,1699.4
2025-11-25,SJVN,77.88
2025-11-25,SKFINDIA,1947.6
2025-11-25,SKIPPER,466.85
2025-11-25,SKMEGGPROD,424.3
2025-11-25,SKYGOLD,337.45
2025-11-25,SMARTLINK,132.55
2025-11-25,SMARTWORKS,507.05
2025-11-25,SMCGLOBAL,58.08
2025-11-25,SMLMAH,2830.5
2025-11-25,SMSLIFE,1380.1
2025-11-25,SMSPHARMA,273.55
2025-11-25,SNOWMAN,42.97
2025-11-25,SOBHA,1548.9
2025-11-25,SOFTTECH,330.4
2025-11-25,SOLARINDS,13267.0
2025-11-25,SOLARA,523.2
2025-11-25,SOLARWORLD,290.15
2025-11-25,SOLEX,1917.4
2025-11-25,SDBL,117.04
2025-11-25,SOMANYCERA,425.45
2025-11-25,SOMICONVEY,126.74
2025-11-25,SONACOMS,501.3
2025-11-25,SONAMLTD,44.02
2025-11-25,SONATSOFTW,357.95
2025-11-25,SOUTHWEST,193.31
2025-11-25,SPANDANA,269.35
2025-11-25,SPECIALITY,124.66
2025-11-25,SPECTRUM,1200.0
2025-11-25,SPENCERS,45.81
2025-11-25,SPIC,84.73
2025-11-25,SPLIL,38.97
2025-11-25,SPMLINFRA,198.53
2025-11-25,SPORTKING,93.54
2025-11-25,SRHHYPOLTD,511.45
2025-11-25,SREEL,225.06
2025-11-25,SRF,2793.8
2025-11-25,SRGHFL,269.15
2025-11-25,SABTNL,1357.05
2025-11-25,HAVISHA,1.92
2025-11-25,LOTUSDEV,170.19
2025-11-25,SRM,584.75
2025-11-25,SGLTL,159.07
2025-11-25,SIL,16.64
2025-11-25,STANLEY,224.25
2025-11-25,STARCEMENT,226.45
2025-11-25,STARHEALTH,496.25
2025-11-25,STARPAPER,163.67
2025-11-25,STARTECK,294.1
2025-11-25,SBIN,983.6
2025-11-25,SAIL,132.25
2025-11-25,STEELCITY,91.17
2025-11-25,STEELXIND,8.71
2025-11-25,SSWL,193.03
2025-11-25,STEELCAS,217.96
2025-11-25,STEL,498.8
2025-11-25,STERTOOLS,283.75
2025-11-25,STLTECH,105.63
2025-11-25,SGL,13.54
2025-11-25,STLNETWORK,23.11
2025-11-25,STOVEKRAFT,622.9
2025-11-25,STAR,885.7
2025-11-25,SWSOLAR,224.81
2025-11-25,STUDDS,546.8
2025-11-25,STYLAMIND,2178.3
2025-11-25,STYRENIX,2035.5
2025-11-25,SUBEXLTD,11.97
2025-11-25,SUBROS,837.1
2025-11-25,SUDARSCHEM,1010.8
2025-11-25,SUKHJITS,147.2
2025-11-25,SULA,232.8
2025-11-25,SUMIT,75.39
2025-11-25,SUMICHEM,451.1
2025-11-25,SUMMITSEC,2061.2
2025-11-25,SPARC,132.83
2025-11-25,SUNPHARMA,1776.8
2025-11-25,SUNTV,542.9
2025-11-25,SUNDRMBRAK,737.7
2025-11-25,SUNCLAY,1243.4
2025-11-25,SUNDARMFIN,4764.1
2025-11-25,SUNDARAM,1.82
2025-11-25,SUNDRMFAST,964.85
2025-11-25,SUNDROP,753.5
2025-11-25,SUNFLAG,249.95
2025-11-25,SUNTECK,419.55
2025-11-25,SUPERSPIN,9.13
2025-11-25,SUPERHOUSE,156.96
2025-11-25,SUPRAJIT,450.75
2025-11-25,SUPREME,81.46
2025-11-25,SUPREMEIND,3427.3
2025-11-25,SPLPETRO,666.15
2025-11-25,SUPRIYA,756.4
2025-11-25,SURAJEST,264.45
2025-11-25,SURAJLTD,268.5
2025-11-25,SURAKSHA,291.25
2025-11-25,SURANASOL,28.83
2025-11-25,SURANAT&P,20.5
2025-11-25,SBGLP,31.17
2025-11-25,SURYAROSNI,265.15
2025-11-25,SURYALAXMI,58.81
2025-11-25,SURYODAY,141.22
2025-11-25,SUTLEJTEX,33.51
2025-11-25,SUVEN,171.94
2025-11-25,SUVIDHAA,3.73
2025-11-25,SUYOG,651.95
2025-11-25,SUZLON,54.19
2025-11-25,SVPGLOB,4.75
2025-11-25,SWANCORP,445.55
2025-11-25,SWARAJENG,3627.1
2025-11-25,SWELECTES,700.0
2025-11-25,SWIGGY,394.6
2025-11-25,SYMPHONY,857.4
2025-11-25,SYNCOMF,15.63
2025-11-25,SGIL,550.0
2025-11-25,SYNGENE,642.05
2025-11-25,SYRMA,833.8
2025-11-25,SYSTMTXC,160.34
2025-11-25,TTL,9.41
2025-11-25,TAINWALCHM,192.73
2025-11-25,TAJGVK,396.3
2025-11-25,TALBROAUTO,278.35
2025-11-25,TMB,505.45
2025-11-25,TNPL,142.08
2025-11-25,TNPETRO,104.97
2025-11-25,TNTELE,10.37
2025-11-25,TANLA,557.95
2025-11-25,TARACHAND,76.66
2025-11-25,TARC,132.62
2025-11-25,TARMAT,51.81
2025-11-25,TARSONS,227.65
2025-11-25,TASTYBITE,8348.0
2025-11-25,TATACAP,325.0
2025-11-25,TATACHEM,803.9
2025-11-25,TATACOMM,1825.9
2025-11-25,TCS,3119.2
2025-11-25,TATACONSUM,1177.7
2025-11-25,TATAELXSI,5164.0
2025-11-25,TATAINVEST,726.55
2025-11-25,TMPV,352.45
2025-11-25,TATAPOWER,380.0
2025-11-25,TATASTEEL,166.33
2025-11-25,TATATECH,669.5
2025-11-25,TTML,50.8
2025-11-25,NETF,279.61
2025-11-25,NPBET,292.13
2025-11-25,TNIDETF,97.42
2025-11-25,TATAGOLD,12.12
2025-11-25,TATSILV,15.18
2025-11-25,TATVA,1465.1
2025-11-25,TBOTEK,1705.3
2025-11-25,TCIEXP,586.05
2025-11-25,TCIFINANCE,11.18
2025-11-25,TCPLPACK,3139.9
2025-11-25,TDPOWERSYS,760.65
2025-11-25,TEAMGTY,262.6
2025-11-25,TEAMLEASE,1695.7
2025-11-25,TPHQ,0.55
2025-11-25,TECHM,1494.7
2025-11-25,TECHNOE,1166.3
2025-11-25,TIIL,2401.3
2025-11-25,TEGA,1884.2
2025-11-25,TEJASNET,476.7
2025-11-25,TEMBO,756.85
2025-11-25,TENNIND,501.15
2025-11-25,TEXINFRA,101.71
2025-11-25,TEXRAIL,127.82
2025-11-25,TEXMOPIPES,50.05
2025-11-25,TGBHOTELS,10.65
2025-11-25,THANGAMAYL,3244.5
2025-11-25,ANUP,2272.2
2025-11-25,BYKE,56.83
2025-11-25,GESHIP,1064.0
2025-11-25,GROBTEA,1029.0
2025-11-25,INDIACEM,399.55
2025-11-25,INDHOTEL,726.5
2025-11-25,THEINVEST,120.88
2025-11-25,NIACL,172.93
2025-11-25,PHOENIXLTD,1731.7
2025-11-25,RAMCOCEM,1006.6
2025-11-25,RUBYMILLS,230.08
2025-11-25,SOUTHBANK,38.65
2025-11-25,STCINDIA,117.94
2025-11-25,UGARSUGAR,40.32
2025-11-25,WIPL,165.82
2025-11-25,THEJO,1660.2
2025-11-25,THEMISMED,102.79
2025-11-25,THERMAX,2882.8
2025-11-25,TIRUMALCHM,235.75
2025-11-25,THOMASCOOK,151.04
2025-11-25,THOMASCOTT,360.7
2025-11-25,THYROCARE,1493.2
2025-11-25,TIGERLOGS,38.04
2025-11-25,TIJARIA,6.79
2025-11-25,TIL,280.9
2025-11-25,TI,471.05
2025-11-25,TIMETECHNO,199.93
2025-11-25,TIMKEN,3116.1
2025-11-25,TINNARUBR,819.45
2025-11-25,TIPSFILMS,381.4
2025-11-25,TIPSMUSIC,510.25
2025-11-25,TIRUPATIFL,36.46
2025-11-25,TITAGARH,837.1
2025-11-25,TITAN,3855.1
2025-11-25,TOKYOPLAST,118.8
2025-11-25,TOLINS,146.17
2025-11-25,TORNTPHARM,3745.2
2025-11-25,TORNTPOWER,1293.0
2025-11-25,TOTAL,65.77
2025-11-25,TOUCHWOOD,105.09
2025-11-25,TFCILTD,67.76
2025-11-25,TPLPLASTEH,68.65
2025-11-25,TRACXN,46.41
2025-11-25,TARIL,298.85
2025-11-25,TREL,26.14
2025-11-25,TCI,1095.3
2025-11-25,TRANSRAILL,646.45
2025-11-25,TFL,14.1
2025-11-25,TRANSWORLD,217.66
2025-11-25,TRAVELFOOD,1358.0
2025-11-25,TREEHOUSE,7.65
2025-11-25,TRENT,4243.9
2025-11-25,TRF,306.4
2025-11-25,TBZ,170.94
2025-11-25,TRIDENT,27.82
2025-11-25,TRIVENI,355.2
2025-11-25,TRITURBINE,538.9
2025-11-25,TRUALT,444.9
2025-11-25,TRU,9.17
2025-11-25,TSFINV,527.0
2025-11-25,TTKHLTCARE,1118.6
2025-11-25,TTKPRESTIG,660.8
2025-11-25,TIINDIA,2879.7
2025-11-25,TVTODAY,139.56
2025-11-25,TVVISION,5.81
2025-11-25,TVSELECT,551.35
2025-11-25,TVSHLTD,14517.0
2025-11-25,TVSMOTOR,3447.8
2025-11-25,TVSSRICHAK,4714.8
2025-11-25,TVSSCS,106.16
2025-11-25,UCAL,123.06
2025-11-25,UCOBANK,30.64
2025-11-25,USK,23.79
2025-11-25,UFLEX,499.25
2025-11-25,UFO,81.26
2025-11-25,UGROCAP,171.63
2025-11-25,UJJIVANSFB,53.86
2025-11-25,ULTRACEMCO,11580.0
2025-11-25,UMAEXPORTS,40.04
2025-11-25,UMIYA-MRO,87.43
2025-11-25,UNICHEMLAB,471.5
2025-11-25,UNIECOM,126.53
2025-11-25,UNIINFO,17.01
2025-11-25,UNIMECH,943.0
2025-11-25,UNIONBANK,152.85
2025-11-25,UNIONGOLD,122.55
2025-11-25,UNIPARTS,481.2
2025-11-25,UNIENTER,144.4
2025-11-25,UNITECH,6.14
2025-11-25,UBL,1699.2
2025-11-25,UNIDT,197.27
2025-11-25,UFBL,190.01
2025-11-25,UNITEDTEA,442.2
2025-11-25,UNITDSPR,1430.4
2025-11-25,UNIVASTU,66.51
2025-11-25,UNIVCABLES,907.75
2025-11-25,UNIVPHOTO,262.95
2025-11-25,UNOMINDA,1285.3
2025-11-25,UDS,185.25
2025-11-25,UPL,749.7
2025-11-25,URAVIDEF,193.51
2025-11-25,URBANCO,135.46
2025-11-25,URJA,12.27
2025-11-25,UMESLTD,5.17
2025-11-25,USHAMART,412.55
2025-11-25,UTIAMC,1140.6
2025-11-25,GOLDSHARE,104.9
2025-11-25,NIF10GETF,26.11
2025-11-25,NIF5GETF,63.9
2025-11-25,NIFITETF,382.27
2025-11-25,NIFMID150,222.29
2025-11-25,SILVERETF,150.84
2025-11-25,UTIBANKETF,60.63
2025-11-25,UTINEXT50,73.29
2025-11-25,UTINIFTETF,285.14
2025-11-25,UTISENSETF,931.27
2025-11-25,UTISXN50,92.23
2025-11-25,UTKARSHBNK,16.08
2025-11-25,UTTAMSUGAR,231.11
2025-11-25,VGUARD,341.2
2025-11-25,V2RETAIL,2402.7
2025-11-25,WABAG,1395.5
2025-11-25,VADILALIND,5331.0
2025-11-25,VAIBHAVGBL,236.75
2025-11-25,VAISHALI,8.9
2025-11-25,VAKRANGEE,7.93
2025-11-25,VALIANTLAB,70.01
2025-11-25,VALIANTORG,251.35
2025-11-25,DBREALTY,134.03
2025-11-25,VARDHACRLC,39.44
2025-11-25,VHL,3649.0
2025-11-25,VARDMNPOLY,6.57
2025-11-25,VSSL,273.15
2025-11-25,VTL,425.15
2025-11-25,VARROC,659.85
2025-11-25,VBL,449.05
2025-11-25,VASCONEQ,49.58
2025-11-25,VASWANI,55.22
2025-11-25,VCL,1.59
2025-11-25,MANYAVAR,611.9
2025-11-25,VEDL,504.65
2025-11-25,VEEDOL,1628.1
2025-11-25,VENKEYS,1340.3
2025-11-25,VENTIVE,727.8
2025-11-25,VENUSPIPES,1279.3
2025-11-25,VENUSREM,677.3
2025-11-25,VERANDA,205.03
2025-11-25,VERTOZ,71.56
2025-11-25,VESUVIUS,480.3
2025-11-25,VETO,111.81
2025-11-25,VSTL,132.33
2025-11-25,VIDHIING,369.25
2025-11-25,VIJAYA,1008.6
2025-11-25,VIJIFIN,2.8
2025-11-25,VIKASECO,1.47
2025-11-25,VIKASLIFE,1.76
2025-11-25,VIKRAMSOLR,271.5
2025-11-25,VIKRAN,108.51
2025-11-25,VIMTALABS,614.6
2025-11-25,VINATIORGA,1600.1
2025-11-25,VINDHYATEL,1512.7
2025-11-25,VINEETLAB,42.45
2025-11-25,VINNY,1.33
2025-11-25,VINCOFE,159.78
2025-11-25,VINYLINDIA,250.45
2025-11-25,VIPCLOTHNG,32.4
2025-11-25,VIPIND,355.35
2025-11-25,VIPULLTD,8.64
2025-11-25,VIVIDHA,0.73
2025-11-25,VISAKAIND,68.18
2025-11-25,VMM,133.93
2025-11-25,VISHNU,521.05
2025-11-25,VPRPL,79.91
2025-11-25,VISHWARAJ,6.94
2025-11-25,VLEGOV,22.61
2025-11-25,VLSFINANCE,300.3
2025-11-25,VMART,783.5
2025-11-25,VMSTMT,61.26
2025-11-25,IDEA,10.05
2025-11-25,VOLTAMP,8072.0
2025-11-25,VOLTAS,1356.3
2025-11-25,VRAJ,133.38
2025-11-25,VRLLOG,266.5
2025-11-25,VSTIND,248.6
2025-11-25,VSTTILLERS,5494.5
2025-11-25,WSI,78.02
2025-11-25,WAAREEENER,3260.6
2025-11-25,WAAREERTL,1052.2
2025-11-25,WALCHANNAG,155.91
2025-11-25,WANBURY,232.7
2025-11-25,WEALTH,1026.4
2025-11-25,WEBELSOLAR,109.5
2025-11-25,WEIZMANIND,104.12
2025-11-25,WELCORP,865.55
2025-11-25,WELENT,533.9
2025-11-25,WELINV,1219.6
2025-11-25,WELSPUNLIV,130.27
2025-11-25,WENDT,8030.0
2025-11-25,WSTCSTPAPR,417.1
2025-11-25,WCIL,119.56
2025-11-25,WESTLIFE,563.3
2025-11-25,WEWORK,594.25
2025-11-25,WHEELS,847.8
2025-11-25,WHIRLPOOL,1195.3
2025-11-25,WILLAMAGOR,31.95
2025-11-25,WINDLAS,789.3
2025-11-25,WINDMACHIN,275.4
2025-11-25,WIPRO,245.64
2025-11-25,WOCKPHARMA,1270.2
2025-11-25,WEL,178.08
2025-11-25,WONDERLA,572.05
2025-11-25,WORTHPERI,144.16
2025-11-25,XCHANGING,86.18
2025-11-25,XPROINDIA,1006.3
2025-11-25,XTGLOBAL,35.36
2025-11-25,YASHO,1596.8
2025-11-25,YATHARTH,772.1
2025-11-25,YATRA,174.14
2025-11-25,YESBANK,22.7
2025-11-25,YUKEN,877.9
2025-11-25,ZAGGLE,379.5
2025-11-25,ZEEL,97.01
2025-11-25,ZEELEARN,7.54
2025-11-25,ZEEMEDIA,9.35
2025-11-25,ZENTEC,1397.4
2025-11-25,ZENITHEXPO,240.37
2025-11-25,ZENSARTECH,716.15
2025-11-25,GOLDCASE,19.61
2025-11-25,LIQUIDCASE,111.54
2025-11-25,LTGILTCASE,29.71
2025-11-25,MID150CASE,11.05
2025-11-25,NIFTYCASE,10.33
2025-11-25,SILVERCASE,15.79
2025-11-25,SML100CASE,10.0
2025-11-25,TOP100CASE,11.02
2025-11-25,ZFCVINDIA,12787.0
2025-11-25,ZIMLAB,71.94
2025-11-25,ZODIACLOTH,88.9
2025-11-25,ZODIAC,338.2
2025-11-25,ZOTA,1568.3
2025-11-25,ZUARI,272.55
2025-11-25,ZUARIIND,316.75
2025-11-25,ZYDUSLIFE,928.5
2025-11-25,ZYDUSWELL,441.7
